Date,Unit,GAR,Moisture (%),Ash (%),Sulfur (%),HGI
2025-01-01,Unit 1,4361.2,28.81,6.03,0.404,46.9
2025-01-01,Unit 2,4332.9,27.41,5.99,0.356,46.7
2025-01-01,Unit 3,4326.0,28.76,6.29,0.401,46.0
2025-01-02,Unit 1,4358.4,26.43,5.8,0.426,49.5
2025-01-02,Unit 2,4331.6,28.85,6.3,0.367,48.6
2025-01-02,Unit 3,4316.4,27.75,6.3,0.449,47.0
2025-01-03,Unit 1,4308.5,27.94,6.49,0.444,51.0
2025-01-03,Unit 2,4293.2,28.83,6.47,0.421,46.9
2025-01-03,Unit 3,4370.1,28.93,6.28,0.429,50.7
2025-01-04,Unit 1,4315.2,27.59,5.81,0.508,45.8
2025-01-04,Unit 2,4323.5,27.88,5.95,0.395,50.2
2025-01-04,Unit 3,4363.5,29.58,6.79,0.362,46.5
2025-01-05,Unit 1,4314.8,28.06,6.05,0.448,51.4
2025-01-05,Unit 2,4371.5,27.27,6.39,0.415,47.2
2025-01-05,Unit 3,4404.6,30.03,6.1,0.414,45.1
2025-01-06,Unit 1,4322.8,28.19,6.29,0.399,51.7
2025-01-06,Unit 2,4396.3,27.34,6.49,0.432,49.6
2025-01-06,Unit 3,4346.9,28.27,6.28,0.445,48.0
2025-01-07,Unit 1,4409.2,28.32,5.67,0.413,48.7
2025-01-07,Unit 2,4312.0,27.52,6.17,0.368,45.3
2025-01-07,Unit 3,4385.3,27.64,6.33,0.398,44.4
2025-01-08,Unit 1,4343.4,27.45,6.22,0.408,51.8
2025-01-08,Unit 2,4270.3,28.34,6.04,0.443,47.9
2025-01-08,Unit 3,4345.7,27.61,6.68,0.407,46.5
2025-01-09,Unit 1,4331.0,27.48,6.73,0.432,45.5
2025-01-09,Unit 2,4400.7,27.43,6.33,0.443,46.1
2025-01-09,Unit 3,4415.3,26.86,6.07,0.424,50.9
2025-01-10,Unit 1,4363.8,28.74,6.38,0.451,45.9
2025-01-10,Unit 2,4304.2,28.47,5.94,0.399,47.2
2025-01-10,Unit 3,4305.0,29.03,6.19,0.369,45.9
2025-01-11,Unit 1,4278.5,27.02,6.0,0.455,51.1
2025-01-11,Unit 2,4329.1,28.76,6.13,0.446,47.5
2025-01-11,Unit 3,4398.2,27.04,6.43,0.44,46.6
2025-01-12,Unit 1,4366.5,27.55,5.95,0.427,48.5
2025-01-12,Unit 2,4321.3,27.83,6.29,0.464,49.7
2025-01-12,Unit 3,4362.9,27.34,6.36,0.466,47.8
2025-01-13,Unit 1,4368.9,28.04,6.88,0.432,47.1
2025-01-13,Unit 2,4291.9,28.63,6.15,0.379,50.1
2025-01-13,Unit 3,4379.7,29.18,6.41,0.416,47.9
2025-01-14,Unit 1,4286.2,27.52,6.2,0.421,47.1
2025-01-14,Unit 2,4378.5,27.1,5.74,0.458,48.7
2025-01-14,Unit 3,4432.4,29.4,6.13,0.449,49.3
2025-01-15,Unit 1,4382.9,29.64,6.28,0.406,43.9
2025-01-15,Unit 2,4342.2,29.14,6.34,0.438,45.0
2025-01-15,Unit 3,4443.7,27.12,6.68,0.396,49.1
2025-01-16,Unit 1,4374.6,27.58,5.82,0.381,48.1
2025-01-16,Unit 2,4348.3,27.28,6.24,0.479,47.2
2025-01-16,Unit 3,4348.6,28.05,6.26,0.468,47.5
2025-01-17,Unit 1,4361.7,27.61,6.28,0.381,44.9
2025-01-17,Unit 2,4452.9,27.5,6.32,0.469,51.0
2025-01-17,Unit 3,4349.6,26.69,6.35,0.414,47.6
2025-01-18,Unit 1,4372.7,28.67,5.68,0.499,47.1
2025-01-18,Unit 2,4341.5,28.11,6.43,0.42,49.8
2025-01-18,Unit 3,4375.1,27.19,6.92,0.402,47.6
2025-01-19,Unit 1,4353.5,27.88,6.55,0.428,48.7
2025-01-19,Unit 2,4361.6,29.66,6.46,0.41,50.4
2025-01-19,Unit 3,4350.7,29.34,6.3,0.413,49.7
2025-01-20,Unit 1,4315.0,27.68,6.35,0.457,49.9
2025-01-20,Unit 2,4410.4,28.32,6.1,0.445,50.6
2025-01-20,Unit 3,4405.4,28.81,5.71,0.428,45.9
2025-01-21,Unit 1,4341.9,28.04,6.73,0.438,48.4
2025-01-21,Unit 2,4357.4,28.08,6.17,0.443,53.1
2025-01-21,Unit 3,4384.1,26.14,6.13,0.439,50.5
2025-01-22,Unit 1,4302.2,28.22,5.98,0.447,46.7
2025-01-22,Unit 2,4354.4,28.9,6.03,0.393,46.3
2025-01-22,Unit 3,4292.7,29.17,6.29,0.455,50.1
2025-01-23,Unit 1,4336.3,27.7,5.78,0.397,45.8
2025-01-23,Unit 2,4329.0,28.39,5.83,0.441,47.5
2025-01-23,Unit 3,4306.8,28.49,6.38,0.411,48.7
2025-01-24,Unit 1,4402.6,26.6,6.43,0.378,50.5
2025-01-24,Unit 2,4336.6,29.08,6.85,0.44,46.8
2025-01-24,Unit 3,4430.2,28.57,6.06,0.436,51.2
2025-01-25,Unit 1,4333.3,29.16,6.31,0.416,47.5
2025-01-25,Unit 2,4370.8,27.91,6.19,0.386,48.6
2025-01-25,Unit 3,4265.2,27.72,5.89,0.367,49.5
2025-01-26,Unit 1,4374.9,26.74,5.98,0.413,47.9
2025-01-26,Unit 2,4372.4,28.86,6.45,0.434,47.9
2025-01-26,Unit 3,4306.8,28.84,6.19,0.44,48.1
2025-01-27,Unit 1,4315.8,30.19,6.22,0.45,43.8
2025-01-27,Unit 2,4355.8,29.37,6.5,0.414,45.8
2025-01-27,Unit 3,4322.9,26.78,6.12,0.4,51.5
2025-01-28,Unit 1,4348.6,28.19,6.67,0.39,50.0
2025-01-28,Unit 2,4356.7,28.39,6.29,0.494,46.7
2025-01-28,Unit 3,4406.8,27.54,5.95,0.434,46.9
2025-01-29,Unit 1,4342.8,26.59,6.18,0.414,48.3
2025-01-29,Unit 2,4386.3,28.03,6.76,0.445,50.2
2025-01-29,Unit 3,4339.4,27.79,5.85,0.398,46.1
2025-01-30,Unit 1,4322.4,28.4,6.33,0.432,47.5
2025-01-30,Unit 2,4380.1,26.92,6.65,0.426,48.5
2025-01-30,Unit 3,4357.0,28.33,6.14,0.408,47.3
2025-01-31,Unit 1,4281.8,29.11,6.54,0.406,47.8
2025-01-31,Unit 2,4368.5,28.46,6.05,0.409,44.3
2025-01-31,Unit 3,4366.1,28.55,5.85,0.497,45.6
2025-02-01,Unit 1,4357.9,28.57,6.17,0.463,46.6
2025-02-01,Unit 2,4383.6,27.48,6.07,0.363,47.1
2025-02-01,Unit 3,4311.3,27.96,6.2,0.385,51.0
2025-02-02,Unit 1,4331.2,28.86,6.39,0.391,48.7
2025-02-02,Unit 2,4400.6,28.45,6.1,0.492,49.3
2025-02-02,Unit 3,4341.1,27.03,6.4,0.467,47.4
2025-02-03,Unit 1,4327.5,27.93,5.81,0.456,47.0
2025-02-03,Unit 2,4369.3,27.66,6.54,0.412,50.8
2025-02-03,Unit 3,4333.6,28.06,6.67,0.374,50.6
2025-02-04,Unit 1,4366.1,27.45,6.3,0.411,44.7
2025-02-04,Unit 2,4303.8,28.26,6.31,0.417,49.6
2025-02-04,Unit 3,4266.2,28.2,6.12,0.457,49.3
2025-02-05,Unit 1,4370.2,26.28,6.41,0.449,50.2
2025-02-05,Unit 2,4356.0,27.62,6.01,0.404,51.4
2025-02-05,Unit 3,4265.1,28.23,5.88,0.423,48.1
2025-02-06,Unit 1,4371.9,27.27,6.19,0.48,49.9
2025-02-06,Unit 2,4306.9,28.53,5.87,0.469,46.5
2025-02-06,Unit 3,4372.6,28.28,5.69,0.392,50.1
2025-02-07,Unit 1,4343.1,28.01,5.87,0.377,51.2
2025-02-07,Unit 2,4415.7,28.81,5.99,0.488,50.0
2025-02-07,Unit 3,4390.9,29.95,6.62,0.437,49.2
2025-02-08,Unit 1,4346.1,26.87,6.06,0.407,48.9
2025-02-08,Unit 2,4360.2,27.62,6.29,0.418,48.2
2025-02-08,Unit 3,4317.1,27.88,6.06,0.455,46.0
2025-02-09,Unit 1,4396.0,27.76,6.12,0.443,49.5
2025-02-09,Unit 2,4359.6,27.37,6.87,0.383,49.0
2025-02-09,Unit 3,4288.5,28.21,6.64,0.369,48.6
2025-02-10,Unit 1,4372.8,29.3,6.09,0.414,46.8
2025-02-10,Unit 2,4359.4,26.76,6.3,0.445,44.0
2025-02-10,Unit 3,4321.8,27.96,6.37,0.422,49.1
2025-02-11,Unit 1,4319.9,28.63,6.01,0.428,49.6
2025-02-11,Unit 2,4322.7,27.06,5.74,0.384,48.1
2025-02-11,Unit 3,4417.6,29.51,6.21,0.346,49.8
2025-02-12,Unit 1,4323.3,28.79,6.15,0.397,49.1
2025-02-12,Unit 2,4349.0,28.65,6.62,0.437,48.0
2025-02-12,Unit 3,4352.3,28.42,6.18,0.435,48.1
2025-02-13,Unit 1,4297.5,26.75,5.8,0.428,47.8
2025-02-13,Unit 2,4321.6,28.68,6.36,0.392,51.0
2025-02-13,Unit 3,4388.0,28.34,6.46,0.44,51.4
2025-02-14,Unit 1,4327.3,27.69,6.61,0.408,51.5
2025-02-14,Unit 2,4302.2,28.41,5.78,0.397,48.0
2025-02-14,Unit 3,4367.7,28.96,6.11,0.451,48.6
2025-02-15,Unit 1,4379.7,28.24,6.59,0.467,48.1
2025-02-15,Unit 2,4335.4,28.15,5.8,0.391,50.4
2025-02-15,Unit 3,4389.8,27.39,5.77,0.465,47.4
2025-02-16,Unit 1,4337.7,28.55,6.18,0.388,47.9
2025-02-16,Unit 2,4316.8,28.16,6.46,0.356,45.8
2025-02-16,Unit 3,4301.5,28.91,6.1,0.436,52.3
2025-02-17,Unit 1,4316.9,28.73,6.72,0.429,48.6
2025-02-17,Unit 2,4382.1,28.68,5.94,0.427,50.0
2025-02-17,Unit 3,4371.6,28.27,5.94,0.401,48.7
2025-02-18,Unit 1,4415.6,30.1,6.27,0.427,49.7
2025-02-18,Unit 2,4307.1,28.0,6.67,0.382,46.6
2025-02-18,Unit 3,4389.2,27.8,6.74,0.422,47.6
2025-02-19,Unit 1,4310.3,28.31,6.52,0.445,48.2
2025-02-19,Unit 2,4326.7,27.86,6.39,0.441,46.2
2025-02-19,Unit 3,4384.0,28.7,6.31,0.421,49.0
2025-02-20,Unit 1,4294.0,25.76,6.41,0.417,49.8
2025-02-20,Unit 2,4379.1,27.86,6.1,0.419,49.8
2025-02-20,Unit 3,4321.3,27.61,6.52,0.481,45.4
2025-02-21,Unit 1,4396.4,27.7,6.36,0.458,48.8
2025-02-21,Unit 2,4362.3,27.89,5.95,0.415,48.9
2025-02-21,Unit 3,4296.5,28.44,6.13,0.455,48.8
2025-02-22,Unit 1,4337.9,28.18,6.22,0.419,48.0
2025-02-22,Unit 2,4364.3,27.33,6.05,0.399,48.2
2025-02-22,Unit 3,4298.7,27.26,6.58,0.406,46.4
2025-02-23,Unit 1,4364.5,29.09,6.56,0.436,49.5
2025-02-23,Unit 2,4383.4,27.66,6.12,0.435,46.9
2025-02-23,Unit 3,4320.6,28.16,6.26,0.427,49.0
2025-02-24,Unit 1,4315.5,28.29,6.02,0.428,47.0
2025-02-24,Unit 2,4296.9,28.87,6.42,0.403,48.1
2025-02-24,Unit 3,4384.3,27.86,5.96,0.438,45.7
2025-02-25,Unit 1,4313.9,28.26,5.85,0.456,47.1
2025-02-25,Unit 2,4384.9,26.92,6.24,0.478,46.0
2025-02-25,Unit 3,4375.4,28.89,6.32,0.413,49.3
2025-02-26,Unit 1,4402.3,27.7,6.09,0.42,47.2
2025-02-26,Unit 2,4372.8,29.79,5.97,0.483,47.2
2025-02-26,Unit 3,4383.2,27.56,6.4,0.466,47.3
2025-02-27,Unit 1,4384.1,27.45,6.76,0.446,46.4
2025-02-27,Unit 2,4329.3,28.19,6.18,0.446,47.2
2025-02-27,Unit 3,4373.2,28.96,5.96,0.432,49.5
2025-02-28,Unit 1,4345.8,27.85,6.07,0.354,47.6
2025-02-28,Unit 2,4341.8,28.01,6.53,0.403,49.0
2025-02-28,Unit 3,4314.6,28.21,6.23,0.355,48.0
2025-03-01,Unit 1,4363.8,28.62,6.45,0.385,50.1
2025-03-01,Unit 2,4373.5,28.87,6.26,0.395,49.8
2025-03-01,Unit 3,4403.2,29.06,6.27,0.447,45.7
2025-03-02,Unit 1,4348.7,27.83,6.16,0.364,46.9
2025-03-02,Unit 2,4388.8,28.34,6.01,0.473,45.6
2025-03-02,Unit 3,4361.5,28.21,6.16,0.444,49.6
2025-03-03,Unit 1,4299.3,28.04,6.08,0.424,48.5
2025-03-03,Unit 2,4354.3,28.96,6.28,0.455,46.1
2025-03-03,Unit 3,4344.1,28.59,5.72,0.393,47.9
2025-03-04,Unit 1,4359.6,28.72,5.74,0.375,49.1
2025-03-04,Unit 2,4341.2,28.98,5.88,0.394,45.5
2025-03-04,Unit 3,4343.1,27.11,6.14,0.49,48.6
2025-03-05,Unit 1,4368.2,28.61,6.7,0.467,46.8
2025-03-05,Unit 2,4350.8,28.52,6.27,0.41,44.2
2025-03-05,Unit 3,4379.7,28.15,6.61,0.395,47.8
2025-03-06,Unit 1,4309.1,27.36,5.87,0.395,49.4
2025-03-06,Unit 2,4398.6,27.31,6.63,0.424,50.4
2025-03-06,Unit 3,4411.6,27.44,6.49,0.386,52.2
2025-03-07,Unit 1,4331.5,27.82,6.64,0.42,47.6
2025-03-07,Unit 2,4384.9,27.5,6.15,0.441,47.4
2025-03-07,Unit 3,4283.9,28.96,5.94,0.43,48.0
2025-03-08,Unit 1,4287.4,27.83,5.87,0.39,46.0
2025-03-08,Unit 2,4311.4,28.75,5.94,0.414,49.1
2025-03-08,Unit 3,4267.1,27.66,6.26,0.388,48.4
2025-03-09,Unit 1,4353.1,27.56,5.95,0.432,49.1
2025-03-09,Unit 2,4439.6,27.67,5.47,0.419,47.9
2025-03-09,Unit 3,4263.4,29.07,5.95,0.463,48.8
2025-03-10,Unit 1,4355.5,27.73,6.94,0.39,50.0
2025-03-10,Unit 2,4361.7,27.85,6.35,0.444,46.3
2025-03-10,Unit 3,4345.6,27.61,6.12,0.467,46.3
2025-03-11,Unit 1,4354.1,29.24,5.83,0.376,48.3
2025-03-11,Unit 2,4286.0,27.34,6.17,0.371,47.6
2025-03-11,Unit 3,4335.0,27.75,6.58,0.437,45.8
2025-03-12,Unit 1,4343.9,28.33,6.29,0.472,48.3
2025-03-12,Unit 2,4346.0,27.56,6.51,0.396,48.9
2025-03-12,Unit 3,4441.6,26.75,6.18,0.454,48.6
2025-03-13,Unit 1,4431.0,26.91,6.26,0.4,48.9
2025-03-13,Unit 2,4378.8,26.97,5.91,0.434,51.0
2025-03-13,Unit 3,4385.3,27.64,6.06,0.428,47.1
2025-03-14,Unit 1,4440.3,27.75,6.17,0.4,49.6
2025-03-14,Unit 2,4306.6,28.57,6.71,0.404,44.1
2025-03-14,Unit 3,4406.8,27.57,5.77,0.426,46.3
2025-03-15,Unit 1,4345.6,28.83,6.0,0.456,48.1
2025-03-15,Unit 2,4388.1,26.23,6.93,0.446,47.7
2025-03-15,Unit 3,4394.3,27.27,5.87,0.474,49.2
2025-03-16,Unit 1,4326.1,29.14,6.72,0.449,48.2
2025-03-16,Unit 2,4376.0,26.8,6.52,0.39,47.2
2025-03-16,Unit 3,4371.4,28.71,6.1,0.474,48.5
2025-03-17,Unit 1,4312.3,28.36,6.29,0.407,46.6
2025-03-17,Unit 2,4381.8,27.82,6.28,0.41,50.2
2025-03-17,Unit 3,4441.6,29.54,5.67,0.4,45.9
2025-03-18,Unit 1,4350.3,29.08,6.14,0.406,48.1
2025-03-18,Unit 2,4377.1,27.89,6.5,0.414,45.1
2025-03-18,Unit 3,4356.6,27.97,6.41,0.446,48.5
2025-03-19,Unit 1,4363.8,27.96,6.21,0.397,47.5
2025-03-19,Unit 2,4290.1,27.48,6.17,0.377,46.2
2025-03-19,Unit 3,4328.1,27.78,6.7,0.46,45.4
2025-03-20,Unit 1,4284.1,28.14,6.16,0.39,45.4
2025-03-20,Unit 2,4294.7,29.23,6.22,0.442,49.5
2025-03-20,Unit 3,4316.6,28.94,6.31,0.429,48.1
2025-03-21,Unit 1,4364.4,28.45,5.99,0.394,51.4
2025-03-21,Unit 2,4294.0,28.17,6.63,0.44,48.3
2025-03-21,Unit 3,4281.3,28.23,6.44,0.412,50.2
2025-03-22,Unit 1,4429.7,27.39,6.04,0.446,47.2
2025-03-22,Unit 2,4330.3,29.15,5.82,0.444,47.4
2025-03-22,Unit 3,4336.7,27.51,5.87,0.395,53.9
2025-03-23,Unit 1,4374.6,27.55,6.37,0.457,45.2
2025-03-23,Unit 2,4407.9,28.08,6.1,0.444,43.3
2025-03-23,Unit 3,4239.6,27.67,6.39,0.432,50.9
2025-03-24,Unit 1,4394.8,29.47,6.12,0.41,46.2
2025-03-24,Unit 2,4360.3,28.03,6.65,0.405,48.8
2025-03-24,Unit 3,4439.5,29.11,6.19,0.478,47.8
2025-03-25,Unit 1,4351.5,26.84,6.11,0.418,53.2
2025-03-25,Unit 2,4364.9,28.31,6.18,0.457,50.2
2025-03-25,Unit 3,4399.5,27.63,6.19,0.422,49.7
2025-03-26,Unit 1,4347.3,27.54,6.25,0.412,51.1
2025-03-26,Unit 2,4342.7,28.52,6.29,0.429,50.9
2025-03-26,Unit 3,4263.4,28.24,6.54,0.443,46.4
2025-03-27,Unit 1,4299.5,29.59,6.36,0.432,51.2
2025-03-27,Unit 2,4299.8,28.28,6.51,0.429,48.8
2025-03-27,Unit 3,4277.3,26.34,6.18,0.436,51.3
2025-03-28,Unit 1,4373.9,27.24,6.34,0.379,49.7
2025-03-28,Unit 2,4360.4,27.57,5.9,0.361,48.7
2025-03-28,Unit 3,4336.8,28.59,6.3,0.429,48.9
2025-03-29,Unit 1,4279.7,28.51,6.25,0.418,47.6
2025-03-29,Unit 2,4319.2,27.68,6.14,0.42,47.7
2025-03-29,Unit 3,4385.4,28.94,6.27,0.388,50.1
2025-03-30,Unit 1,4394.7,28.44,6.41,0.468,47.9
2025-03-30,Unit 2,4350.1,26.98,6.53,0.452,45.4
2025-03-30,Unit 3,4334.1,29.46,6.49,0.434,49.0
2025-03-31,Unit 1,4248.8,27.76,6.27,0.385,48.8
2025-03-31,Unit 2,4347.0,27.64,6.26,0.397,45.7
2025-03-31,Unit 3,4360.1,28.66,6.19,0.434,47.0
2025-04-01,Unit 1,4322.9,27.97,6.57,0.344,47.2
2025-04-01,Unit 2,4384.0,29.2,6.18,0.383,46.6
2025-04-01,Unit 3,4411.8,27.4,5.94,0.378,46.9
2025-04-02,Unit 1,4399.0,28.11,5.84,0.405,51.4
2025-04-02,Unit 2,4339.1,28.84,6.04,0.361,47.0
2025-04-02,Unit 3,4300.7,28.53,5.57,0.446,46.2
2025-04-03,Unit 1,4365.2,27.85,6.22,0.433,47.3
2025-04-03,Unit 2,4366.1,28.37,6.36,0.391,46.6
2025-04-03,Unit 3,4404.2,28.55,6.16,0.384,46.6
2025-04-04,Unit 1,4379.7,28.8,6.61,0.438,51.8
2025-04-04,Unit 2,4395.2,28.6,6.24,0.408,49.4
2025-04-04,Unit 3,4378.9,27.64,6.39,0.443,46.7
2025-04-05,Unit 1,4333.4,27.1,6.06,0.458,46.9
2025-04-05,Unit 2,4343.0,28.53,6.23,0.459,46.6
2025-04-05,Unit 3,4345.4,28.17,6.67,0.45,49.7
2025-04-06,Unit 1,4306.5,26.98,6.17,0.396,46.4
2025-04-06,Unit 2,4347.8,28.39,5.71,0.42,52.2
2025-04-06,Unit 3,4372.6,28.56,6.39,0.386,44.6
2025-04-07,Unit 1,4355.8,28.49,6.27,0.428,47.9
2025-04-07,Unit 2,4277.8,29.1,6.08,0.416,46.2
2025-04-07,Unit 3,4376.6,28.07,6.15,0.411,47.5
2025-04-08,Unit 1,4357.6,28.21,6.47,0.465,47.3
2025-04-08,Unit 2,4331.6,26.78,5.99,0.443,48.0
2025-04-08,Unit 3,4339.9,28.12,6.24,0.426,45.6
2025-04-09,Unit 1,4398.0,27.63,6.08,0.455,44.3
2025-04-09,Unit 2,4250.5,27.47,6.34,0.391,48.1
2025-04-09,Unit 3,4374.4,28.13,6.02,0.427,49.4
2025-04-10,Unit 1,4347.4,28.42,6.26,0.469,44.5
2025-04-10,Unit 2,4354.0,26.79,6.04,0.428,46.2
2025-04-10,Unit 3,4339.1,27.52,5.85,0.357,48.6
2025-04-11,Unit 1,4347.7,28.98,5.61,0.424,44.4
2025-04-11,Unit 2,4391.7,28.47,6.16,0.437,46.6
2025-04-11,Unit 3,4298.3,28.46,6.34,0.364,45.7
2025-04-12,Unit 1,4307.0,29.03,6.06,0.391,47.9
2025-04-12,Unit 2,4334.5,26.89,5.99,0.451,49.6
2025-04-12,Unit 3,4327.6,28.31,5.78,0.422,47.6
2025-04-13,Unit 1,4270.6,27.51,6.4,0.397,48.0
2025-04-13,Unit 2,4360.1,27.05,6.38,0.441,47.7
2025-04-13,Unit 3,4412.7,27.31,6.36,0.386,49.0
2025-04-14,Unit 1,4332.5,28.28,5.91,0.423,48.3
2025-04-14,Unit 2,4308.6,28.01,6.06,0.389,48.1
2025-04-14,Unit 3,4350.4,29.68,6.16,0.421,44.7
2025-04-15,Unit 1,4373.5,27.68,6.06,0.447,49.8
2025-04-15,Unit 2,4386.7,27.39,6.42,0.389,49.2
2025-04-15,Unit 3,4338.6,26.31,6.14,0.436,47.4
2025-04-16,Unit 1,4397.8,28.74,6.89,0.416,47.2
2025-04-16,Unit 2,4365.1,28.25,6.24,0.416,44.8
2025-04-16,Unit 3,4340.6,28.12,6.13,0.436,47.7
2025-04-17,Unit 1,4314.9,27.7,6.27,0.439,47.6
2025-04-17,Unit 2,4396.8,28.11,6.22,0.437,46.3
2025-04-17,Unit 3,4336.8,27.83,6.01,0.411,50.8
2025-04-18,Unit 1,4395.9,27.97,6.7,0.444,50.7
2025-04-18,Unit 2,4337.0,29.06,6.4,0.453,46.5
2025-04-18,Unit 3,4399.6,30.15,5.91,0.388,49.8
2025-04-19,Unit 1,4347.0,27.87,6.21,0.443,46.7
2025-04-19,Unit 2,4390.4,28.6,6.34,0.415,51.5
2025-04-19,Unit 3,4358.1,28.4,5.91,0.376,50.9
2025-04-20,Unit 1,4353.1,26.3,6.34,0.391,45.7
2025-04-20,Unit 2,4329.0,28.14,6.32,0.424,47.8
2025-04-20,Unit 3,4338.8,27.23,6.35,0.398,52.3
2025-04-21,Unit 1,4429.6,28.27,5.87,0.429,50.1
2025-04-21,Unit 2,4361.1,25.33,6.01,0.39,45.2
2025-04-21,Unit 3,4400.8,28.35,5.45,0.391,49.1
2025-04-22,Unit 1,4343.0,27.14,5.82,0.466,48.3
2025-04-22,Unit 2,4363.0,28.97,6.54,0.403,50.5
2025-04-22,Unit 3,4352.1,28.46,5.8,0.435,50.2
2025-04-23,Unit 1,4367.2,27.49,6.37,0.377,50.1
2025-04-23,Unit 2,4351.9,27.66,6.26,0.42,46.7
2025-04-23,Unit 3,4271.5,27.55,5.85,0.488,49.4
2025-04-24,Unit 1,4336.6,27.19,5.96,0.423,45.8
2025-04-24,Unit 2,4313.4,28.91,5.78,0.403,49.2
2025-04-24,Unit 3,4370.1,27.72,6.05,0.438,44.9
2025-04-25,Unit 1,4367.4,28.38,5.96,0.433,50.6
2025-04-25,Unit 2,4326.7,27.06,6.14,0.482,44.3
2025-04-25,Unit 3,4433.8,29.28,6.4,0.396,47.9
2025-04-26,Unit 1,4352.4,26.87,6.15,0.388,49.2
2025-04-26,Unit 2,4383.4,27.86,6.11,0.414,46.6
2025-04-26,Unit 3,4335.5,27.56,5.8,0.446,45.9
2025-04-27,Unit 1,4362.8,28.16,5.82,0.429,46.3
2025-04-27,Unit 2,4426.8,27.02,6.22,0.381,46.6
2025-04-27,Unit 3,4442.1,26.82,6.58,0.454,46.1
2025-04-28,Unit 1,4430.5,28.11,6.25,0.439,44.9
2025-04-28,Unit 2,4405.6,28.65,5.9,0.409,46.7
2025-04-28,Unit 3,4369.4,28.43,6.54,0.398,48.8
2025-04-29,Unit 1,4338.3,27.64,6.5,0.402,47.2
2025-04-29,Unit 2,4304.6,28.98,6.87,0.42,45.9
2025-04-29,Unit 3,4398.1,28.62,6.45,0.407,48.8
2025-04-30,Unit 1,4381.8,27.66,6.36,0.449,45.6
2025-04-30,Unit 2,4344.0,28.53,6.76,0.412,46.4
2025-04-30,Unit 3,4386.4,27.7,6.43,0.389,49.9
2025-05-01,Unit 1,4361.2,26.29,6.5,0.415,54.5
2025-05-01,Unit 2,4284.5,26.57,6.01,0.437,49.0
2025-05-01,Unit 3,4269.3,28.12,6.44,0.416,47.1
2025-05-02,Unit 1,4277.4,28.09,6.37,0.441,49.2
2025-05-02,Unit 2,4346.6,27.96,6.46,0.45,49.5
2025-05-02,Unit 3,4346.3,27.34,6.46,0.453,48.4
2025-05-03,Unit 1,4326.6,28.8,5.69,0.434,48.7
2025-05-03,Unit 2,4333.4,28.68,5.8,0.425,46.6
2025-05-03,Unit 3,4374.5,28.64,6.57,0.424,50.5
2025-05-04,Unit 1,4373.4,27.67,6.28,0.413,48.0
2025-05-04,Unit 2,4294.5,26.72,5.83,0.425,46.2
2025-05-04,Unit 3,4310.2,28.34,5.94,0.423,45.5
2025-05-05,Unit 1,4351.3,29.03,6.07,0.49,51.1
2025-05-05,Unit 2,4378.8,28.43,6.34,0.427,48.5
2025-05-05,Unit 3,4370.5,29.49,6.07,0.375,48.1
2025-05-06,Unit 1,4314.5,28.49,5.54,0.351,48.7
2025-05-06,Unit 2,4394.5,28.19,5.95,0.461,45.1
2025-05-06,Unit 3,4378.8,27.53,5.97,0.411,51.8
2025-05-07,Unit 1,4294.4,28.13,5.87,0.376,46.5
2025-05-07,Unit 2,4362.1,28.14,5.65,0.393,47.9
2025-05-07,Unit 3,4377.7,28.47,5.96,0.363,47.2
2025-05-08,Unit 1,4403.7,26.55,6.88,0.4,52.2
2025-05-08,Unit 2,4346.9,27.76,6.22,0.391,51.2
2025-05-08,Unit 3,4411.3,28.8,6.24,0.483,46.7
2025-05-09,Unit 1,4302.8,28.14,6.4,0.466,49.8
2025-05-09,Unit 2,4336.0,27.38,6.31,0.457,46.8
2025-05-09,Unit 3,4338.8,26.98,6.35,0.395,52.4
2025-05-10,Unit 1,4366.4,28.16,5.94,0.452,49.8
2025-05-10,Unit 2,4346.9,29.1,6.51,0.45,48.4
2025-05-10,Unit 3,4286.6,27.47,6.32,0.4,46.8
2025-05-11,Unit 1,4367.7,26.64,6.37,0.414,48.0
2025-05-11,Unit 2,4373.9,27.81,6.21,0.412,47.8
2025-05-11,Unit 3,4319.6,27.9,5.99,0.402,51.2
2025-05-12,Unit 1,4330.8,28.56,6.04,0.417,52.3
2025-05-12,Unit 2,4318.8,27.79,6.68,0.444,49.7
2025-05-12,Unit 3,4370.7,27.82,6.19,0.399,48.4
2025-05-13,Unit 1,4360.5,27.67,6.27,0.432,50.3
2025-05-13,Unit 2,4381.0,28.5,6.24,0.383,49.2
2025-05-13,Unit 3,4311.4,29.34,6.47,0.376,47.2
2025-05-14,Unit 1,4303.1,27.92,6.11,0.409,47.2
2025-05-14,Unit 2,4353.2,28.05,6.22,0.394,47.6
2025-05-14,Unit 3,4372.3,27.86,5.93,0.383,50.0
2025-05-15,Unit 1,4309.8,26.63,6.4,0.38,50.0
2025-05-15,Unit 2,4338.1,30.06,6.09,0.404,48.9
2025-05-15,Unit 3,4358.9,28.84,6.53,0.402,47.6
2025-05-16,Unit 1,4345.6,27.69,6.18,0.43,49.8
2025-05-16,Unit 2,4289.2,25.9,6.32,0.417,47.0
2025-05-16,Unit 3,4389.6,27.83,6.36,0.406,46.7
2025-05-17,Unit 1,4311.9,27.52,6.08,0.398,47.7
2025-05-17,Unit 2,4296.8,27.95,6.17,0.449,46.1
2025-05-17,Unit 3,4343.6,28.75,5.69,0.499,49.8
2025-05-18,Unit 1,4342.0,26.63,6.3,0.416,49.1
2025-05-18,Unit 2,4317.0,29.07,6.75,0.413,45.1
2025-05-18,Unit 3,4378.4,29.45,6.38,0.424,51.9
2025-05-19,Unit 1,4254.3,28.68,6.2,0.455,45.3
2025-05-19,Unit 2,4287.2,29.08,6.02,0.435,44.9
2025-05-19,Unit 3,4276.3,28.71,6.02,0.441,48.1
2025-05-20,Unit 1,4335.6,28.42,6.43,0.417,45.8
2025-05-20,Unit 2,4360.3,27.22,6.44,0.507,49.8
2025-05-20,Unit 3,4327.0,27.72,6.09,0.413,47.5
2025-05-21,Unit 1,4361.6,28.04,6.43,0.387,49.5
2025-05-21,Unit 2,4317.0,28.55,6.16,0.456,47.1
2025-05-21,Unit 3,4334.7,27.46,5.98,0.4,51.3
2025-05-22,Unit 1,4277.2,27.59,5.93,0.461,47.0
2025-05-22,Unit 2,4322.0,28.57,6.27,0.414,45.8
2025-05-22,Unit 3,4253.9,29.44,5.81,0.361,48.3
2025-05-23,Unit 1,4271.4,27.93,6.21,0.38,45.7
2025-05-23,Unit 2,4376.0,28.47,6.08,0.429,50.1
2025-05-23,Unit 3,4353.9,27.74,6.16,0.396,48.8
2025-05-24,Unit 1,4335.8,30.11,6.82,0.429,48.8
2025-05-24,Unit 2,4389.8,26.79,6.11,0.376,50.3
2025-05-24,Unit 3,4340.5,27.01,6.64,0.415,51.3
2025-05-25,Unit 1,4364.1,27.3,6.04,0.418,50.2
2025-05-25,Unit 2,4381.1,27.96,5.78,0.451,46.5
2025-05-25,Unit 3,4395.0,29.01,5.9,0.448,46.5
2025-05-26,Unit 1,4394.0,27.99,6.2,0.472,45.8
2025-05-26,Unit 2,4302.1,27.35,6.13,0.422,48.2
2025-05-26,Unit 3,4394.3,28.64,6.39,0.432,47.2
2025-05-27,Unit 1,4303.7,26.93,5.73,0.44,50.4
2025-05-27,Unit 2,4384.0,28.33,6.23,0.432,48.6
2025-05-27,Unit 3,4331.6,28.61,5.78,0.452,45.6
2025-05-28,Unit 1,4376.6,27.39,6.34,0.412,44.2
2025-05-28,Unit 2,4341.3,28.22,5.8,0.436,51.8
2025-05-28,Unit 3,4328.8,28.82,6.36,0.501,46.0
2025-05-29,Unit 1,4369.9,29.66,6.55,0.454,45.2
2025-05-29,Unit 2,4370.0,27.3,6.42,0.401,48.4
2025-05-29,Unit 3,4277.2,27.52,6.31,0.438,47.8
2025-05-30,Unit 1,4391.2,27.48,5.85,0.452,46.2
2025-05-30,Unit 2,4341.6,27.89,6.39,0.459,48.1
2025-05-30,Unit 3,4333.6,27.81,5.76,0.366,51.7
2025-05-31,Unit 1,4343.3,26.45,6.25,0.401,48.0
2025-05-31,Unit 2,4304.6,26.72,5.91,0.445,47.4
2025-05-31,Unit 3,4366.7,27.1,6.38,0.394,45.5
2025-06-01,Unit 1,4383.3,28.68,5.85,0.407,46.4
2025-06-01,Unit 2,4351.7,27.62,6.23,0.412,48.1
2025-06-01,Unit 3,4413.2,28.54,5.98,0.426,46.6
2025-06-02,Unit 1,4307.0,28.1,5.96,0.413,46.2
2025-06-02,Unit 2,4357.9,28.32,6.37,0.341,45.5
2025-06-02,Unit 3,4387.3,28.59,6.51,0.467,45.7
2025-06-03,Unit 1,4292.3,27.61,6.18,0.427,49.9
2025-06-03,Unit 2,4355.1,27.62,5.9,0.377,49.3
2025-06-03,Unit 3,4388.2,27.97,6.02,0.438,48.8
2025-06-04,Unit 1,4424.9,28.78,6.21,0.412,48.4
2025-06-04,Unit 2,4351.4,29.6,6.17,0.468,48.8
2025-06-04,Unit 3,4350.9,28.45,6.26,0.4,49.5
2025-06-05,Unit 1,4315.3,28.08,6.53,0.412,47.5
2025-06-05,Unit 2,4323.4,28.58,5.82,0.44,49.3
2025-06-05,Unit 3,4391.2,28.64,6.2,0.391,49.3
2025-06-06,Unit 1,4361.2,28.23,5.69,0.391,53.5
2025-06-06,Unit 2,4339.4,27.68,6.17,0.428,47.7
2025-06-06,Unit 3,4370.3,27.95,5.78,0.399,47.5
2025-06-07,Unit 1,4276.4,27.93,6.23,0.422,48.3
2025-06-07,Unit 2,4338.8,29.01,6.02,0.394,48.3
2025-06-07,Unit 3,4314.8,28.93,6.2,0.446,46.9
2025-06-08,Unit 1,4354.5,28.08,6.66,0.441,48.4
2025-06-08,Unit 2,4389.1,26.79,6.62,0.449,43.9
2025-06-08,Unit 3,4371.8,27.37,6.81,0.422,49.3
2025-06-09,Unit 1,4346.8,27.44,6.29,0.379,45.3
2025-06-09,Unit 2,4357.4,28.79,6.57,0.392,47.1
2025-06-09,Unit 3,4334.3,27.81,6.19,0.419,46.1
2025-06-10,Unit 1,4317.1,27.02,6.03,0.416,45.9
2025-06-10,Unit 2,4334.3,27.19,5.89,0.409,49.3
2025-06-10,Unit 3,4329.3,29.06,6.45,0.425,45.5
2025-06-11,Unit 1,4353.9,27.28,6.46,0.444,45.7
2025-06-11,Unit 2,4329.9,27.19,6.18,0.413,52.3
2025-06-11,Unit 3,4342.6,28.15,6.32,0.42,47.4
2025-06-12,Unit 1,4373.1,29.04,6.52,0.43,50.8
2025-06-12,Unit 2,4315.9,28.06,6.52,0.394,50.0
2025-06-12,Unit 3,4359.4,27.03,6.1,0.42,50.5
2025-06-13,Unit 1,4372.6,29.31,6.13,0.422,48.4
2025-06-13,Unit 2,4323.7,27.96,6.41,0.513,49.6
2025-06-13,Unit 3,4379.3,26.98,6.51,0.435,46.5
2025-06-14,Unit 1,4381.5,28.1,6.21,0.435,49.3
2025-06-14,Unit 2,4251.1,26.66,5.65,0.451,48.0
2025-06-14,Unit 3,4359.3,28.72,6.06,0.421,47.5
2025-06-15,Unit 1,4425.4,27.26,6.44,0.461,47.6
2025-06-15,Unit 2,4419.3,26.31,6.31,0.46,48.2
2025-06-15,Unit 3,4318.5,28.54,6.03,0.404,47.2
2025-06-16,Unit 1,4387.3,26.59,6.29,0.405,50.6
2025-06-16,Unit 2,4317.7,27.99,6.66,0.453,49.0
2025-06-16,Unit 3,4305.9,28.46,5.87,0.479,49.5
2025-06-17,Unit 1,4378.2,28.28,6.19,0.44,49.6
2025-06-17,Unit 2,4359.0,29.13,6.58,0.442,49.5
2025-06-17,Unit 3,4365.9,27.94,6.1,0.404,50.5
2025-06-18,Unit 1,4337.0,27.25,6.0,0.438,47.9
2025-06-18,Unit 2,4370.8,28.34,6.21,0.463,49.2
2025-06-18,Unit 3,4333.0,28.85,6.26,0.456,49.6
2025-06-19,Unit 1,4315.2,27.99,6.24,0.508,47.6
2025-06-19,Unit 2,4381.8,28.78,6.05,0.415,46.5
2025-06-19,Unit 3,4372.0,29.44,5.81,0.364,47.8
2025-06-20,Unit 1,4434.9,28.03,5.33,0.423,50.5
2025-06-20,Unit 2,4386.4,29.22,5.47,0.409,48.6
2025-06-20,Unit 3,4380.1,27.54,6.25,0.427,46.8
2025-06-21,Unit 1,4421.4,28.01,6.13,0.392,53.9
2025-06-21,Unit 2,4422.3,28.4,5.88,0.412,48.6
2025-06-21,Unit 3,4345.9,27.33,6.43,0.44,49.9
2025-06-22,Unit 1,4343.4,28.75,6.12,0.379,45.0
2025-06-22,Unit 2,4395.3,27.59,6.58,0.406,47.1
2025-06-22,Unit 3,4385.0,28.27,6.78,0.459,50.1
2025-06-23,Unit 1,4285.9,27.37,5.89,0.439,49.1
2025-06-23,Unit 2,4315.1,29.09,5.73,0.464,50.2
2025-06-23,Unit 3,4349.0,26.3,5.77,0.411,49.0
2025-06-24,Unit 1,4351.4,27.72,6.18,0.454,45.7
2025-06-24,Unit 2,4379.1,28.53,6.49,0.432,49.1
2025-06-24,Unit 3,4301.5,28.26,5.98,0.418,51.2
2025-06-25,Unit 1,4320.2,27.74,6.3,0.447,47.5
2025-06-25,Unit 2,4343.7,27.61,6.39,0.313,50.3
2025-06-25,Unit 3,4316.8,26.72,6.1,0.361,46.7
2025-06-26,Unit 1,4404.5,27.76,6.05,0.468,45.5
2025-06-26,Unit 2,4452.9,26.2,6.38,0.403,46.8
2025-06-26,Unit 3,4404.0,26.79,5.8,0.355,46.6
2025-06-27,Unit 1,4293.2,29.13,6.33,0.41,46.9
2025-06-27,Unit 2,4331.3,27.45,6.69,0.405,45.5
2025-06-27,Unit 3,4396.3,28.09,6.84,0.413,41.7
2025-06-28,Unit 1,4297.4,28.63,6.33,0.431,42.8
2025-06-28,Unit 2,4358.6,28.61,6.4,0.416,52.0
2025-06-28,Unit 3,4293.6,28.87,6.15,0.394,44.0
2025-06-29,Unit 1,4336.9,28.1,6.65,0.431,47.3
2025-06-29,Unit 2,4330.7,28.88,6.79,0.434,48.2
2025-06-29,Unit 3,4321.5,27.69,6.08,0.451,47.2
2025-06-30,Unit 1,4378.1,28.43,6.25,0.379,47.0
2025-06-30,Unit 2,4355.4,28.58,6.39,0.428,50.4
2025-06-30,Unit 3,4320.2,27.47,6.43,0.402,46.3
2025-07-01,Unit 1,4315.2,28.88,6.33,0.443,46.5
2025-07-01,Unit 2,4321.5,29.69,6.08,0.439,48.3
2025-07-01,Unit 3,4343.7,27.12,6.04,0.446,44.5
2025-07-02,Unit 1,4430.7,28.18,6.07,0.43,47.1
2025-07-02,Unit 2,4429.0,27.13,6.2,0.396,48.6
2025-07-02,Unit 3,4334.7,29.2,6.86,0.413,45.0
2025-07-03,Unit 1,4386.4,27.61,5.81,0.446,46.8
2025-07-03,Unit 2,4314.5,28.55,6.29,0.4,48.9
2025-07-03,Unit 3,4410.1,27.97,5.96,0.425,45.4
2025-07-04,Unit 1,4451.7,27.2,6.24,0.406,49.7
2025-07-04,Unit 2,4318.1,27.24,6.3,0.457,44.0
2025-07-04,Unit 3,4349.9,28.9,6.81,0.386,46.1
2025-07-05,Unit 1,4405.1,27.46,6.18,0.392,48.0
2025-07-05,Unit 2,4280.8,29.07,6.95,0.421,46.7
2025-07-05,Unit 3,4364.4,27.6,5.91,0.41,46.0
2025-07-06,Unit 1,4328.6,27.39,5.85,0.421,50.4
2025-07-06,Unit 2,4375.2,27.75,6.15,0.419,46.8
2025-07-06,Unit 3,4365.0,28.68,6.58,0.412,44.4
2025-07-07,Unit 1,4399.2,27.82,6.26,0.439,45.1
2025-07-07,Unit 2,4338.5,28.13,6.18,0.402,49.9
2025-07-07,Unit 3,4353.0,28.83,6.28,0.428,44.1
2025-07-08,Unit 1,4259.2,27.83,5.93,0.43,44.7
2025-07-08,Unit 2,4326.5,27.85,5.98,0.479,44.9
2025-07-08,Unit 3,4318.6,28.48,5.78,0.431,43.6
2025-07-09,Unit 1,4312.6,26.51,6.66,0.451,48.6
2025-07-09,Unit 2,4310.2,28.62,6.46,0.382,45.5
2025-07-09,Unit 3,4362.7,27.48,5.63,0.425,44.6
2025-07-10,Unit 1,4350.8,29.6,6.37,0.434,51.7
2025-07-10,Unit 2,4333.9,28.17,6.31,0.383,51.3
2025-07-10,Unit 3,4345.8,27.05,7.0,0.424,45.6
2025-07-11,Unit 1,4272.8,28.13,6.44,0.432,46.1
2025-07-11,Unit 2,4312.2,28.33,6.59,0.498,48.7
2025-07-11,Unit 3,4352.9,28.98,6.12,0.465,49.1
2025-07-12,Unit 1,4283.9,27.64,6.49,0.428,45.2
2025-07-12,Unit 2,4294.4,26.84,6.53,0.409,50.4
2025-07-12,Unit 3,4433.7,27.97,5.6,0.4,47.6
2025-07-13,Unit 1,4314.2,28.42,5.94,0.399,48.2
2025-07-13,Unit 2,4304.9,28.66,6.25,0.45,46.9
2025-07-13,Unit 3,4374.2,26.41,6.44,0.441,50.4
2025-07-14,Unit 1,4399.8,29.79,5.8,0.443,48.0
2025-07-14,Unit 2,4283.3,26.8,6.24,0.421,46.6
2025-07-14,Unit 3,4332.2,29.64,5.96,0.483,48.1
2025-07-15,Unit 1,4389.0,28.0,6.41,0.355,48.9
2025-07-15,Unit 2,4310.1,29.3,6.8,0.432,51.2
2025-07-15,Unit 3,4371.5,28.25,5.9,0.436,49.7
2025-07-16,Unit 1,4292.6,27.54,5.63,0.404,50.2
2025-07-16,Unit 2,4381.6,28.24,6.47,0.416,47.8
2025-07-16,Unit 3,4327.9,28.12,6.19,0.408,46.6
2025-07-17,Unit 1,4384.5,26.64,6.45,0.445,49.9
2025-07-17,Unit 2,4350.1,29.23,5.8,0.394,50.8
2025-07-17,Unit 3,4353.0,28.82,6.99,0.438,48.1
2025-07-18,Unit 1,4366.3,27.11,6.36,0.47,46.7
2025-07-18,Unit 2,4386.2,27.19,6.74,0.437,46.8
2025-07-18,Unit 3,4374.2,26.7,5.96,0.433,47.0
2025-07-19,Unit 1,4405.1,27.87,5.73,0.386,48.4
2025-07-19,Unit 2,4317.0,28.31,5.92,0.357,50.6
2025-07-19,Unit 3,4354.1,28.37,6.11,0.421,48.3
2025-07-20,Unit 1,4395.9,27.92,6.34,0.414,49.5
2025-07-20,Unit 2,4293.5,28.71,5.79,0.447,46.5
2025-07-20,Unit 3,4376.3,28.13,6.07,0.409,48.9
2025-07-21,Unit 1,4343.7,27.27,6.23,0.373,48.3
2025-07-21,Unit 2,4395.4,27.88,6.15,0.433,46.2
2025-07-21,Unit 3,4343.7,27.03,6.68,0.446,49.9
2025-07-22,Unit 1,4394.9,28.31,5.89,0.42,50.0
2025-07-22,Unit 2,4329.6,27.7,5.76,0.451,45.5
2025-07-22,Unit 3,4413.2,27.03,6.85,0.364,47.0
2025-07-23,Unit 1,4331.5,25.69,6.34,0.444,44.6
2025-07-23,Unit 2,4331.7,29.03,6.51,0.419,50.0
2025-07-23,Unit 3,4315.9,28.45,6.4,0.407,48.7
2025-07-24,Unit 1,4337.6,27.35,6.23,0.402,45.7
2025-07-24,Unit 2,4359.2,27.6,6.37,0.435,49.0
2025-07-24,Unit 3,4307.4,26.59,6.34,0.457,47.3
2025-07-25,Unit 1,4370.2,28.35,5.84,0.44,46.1
2025-07-25,Unit 2,4388.4,28.9,5.62,0.449,46.4
2025-07-25,Unit 3,4300.4,28.49,6.53,0.441,52.6
2025-07-26,Unit 1,4303.8,29.81,5.96,0.441,44.9
2025-07-26,Unit 2,4382.4,27.52,6.0,0.421,49.4
2025-07-26,Unit 3,4329.9,29.39,6.3,0.401,48.5
2025-07-27,Unit 1,4270.3,26.97,6.05,0.437,47.0
2025-07-27,Unit 2,4417.2,28.32,6.43,0.422,47.7
2025-07-27,Unit 3,4251.4,28.71,6.07,0.437,46.7
2025-07-28,Unit 1,4432.3,26.85,6.05,0.416,48.9
2025-07-28,Unit 2,4272.3,28.0,5.72,0.4,46.2
2025-07-28,Unit 3,4363.2,27.35,6.09,0.435,49.0
2025-07-29,Unit 1,4316.9,29.32,6.13,0.45,47.1
2025-07-29,Unit 2,4326.3,28.99,6.43,0.386,48.2
2025-07-29,Unit 3,4364.9,27.37,5.98,0.5,51.6
2025-07-30,Unit 1,4294.7,28.72,6.44,0.393,46.5
2025-07-30,Unit 2,4306.1,27.5,5.75,0.39,45.6
2025-07-30,Unit 3,4343.3,28.48,5.84,0.444,46.3
2025-07-31,Unit 1,4317.4,27.78,6.29,0.425,47.1
2025-07-31,Unit 2,4361.2,26.44,5.98,0.41,44.8
2025-07-31,Unit 3,4307.5,29.12,6.12,0.423,50.6
2025-08-01,Unit 1,4333.4,28.48,6.21,0.426,49.1
2025-08-01,Unit 2,4373.6,30.03,6.22,0.471,44.3
2025-08-01,Unit 3,4370.0,28.01,6.07,0.426,49.2
2025-08-02,Unit 1,4330.1,27.73,6.64,0.434,49.0
2025-08-02,Unit 2,4421.8,28.3,6.39,0.388,49.0
2025-08-02,Unit 3,4287.7,27.41,6.05,0.39,50.7
2025-08-03,Unit 1,4294.7,28.18,5.85,0.391,46.7
2025-08-03,Unit 2,4391.9,25.72,6.11,0.466,49.0
2025-08-03,Unit 3,4304.4,27.69,6.32,0.376,49.0
2025-08-04,Unit 1,4398.7,28.82,6.12,0.365,44.3
2025-08-04,Unit 2,4357.0,28.14,6.51,0.406,47.5
2025-08-04,Unit 3,4370.5,27.44,6.05,0.351,49.5
2025-08-05,Unit 1,4323.1,28.11,6.11,0.372,48.1
2025-08-05,Unit 2,4300.3,27.74,6.39,0.474,49.3
2025-08-05,Unit 3,4365.1,27.24,6.34,0.416,48.5
2025-08-06,Unit 1,4275.0,28.15,6.07,0.368,48.2
2025-08-06,Unit 2,4355.8,27.93,6.25,0.429,47.5
2025-08-06,Unit 3,4346.2,27.11,5.82,0.426,46.5
2025-08-07,Unit 1,4336.8,28.2,6.29,0.417,50.3
2025-08-07,Unit 2,4348.4,27.0,6.38,0.453,47.9
2025-08-07,Unit 3,4292.3,26.64,5.86,0.428,46.9
2025-08-08,Unit 1,4330.0,28.96,5.96,0.413,45.9
2025-08-08,Unit 2,4374.6,28.41,6.44,0.43,53.9
2025-08-08,Unit 3,4309.9,27.26,5.91,0.436,47.0
2025-08-09,Unit 1,4376.8,28.5,5.63,0.431,48.9
2025-08-09,Unit 2,4416.1,27.98,6.23,0.422,52.6
2025-08-09,Unit 3,4317.6,26.55,6.46,0.425,48.5
2025-08-10,Unit 1,4392.3,28.35,6.03,0.453,47.1
2025-08-10,Unit 2,4375.6,28.06,6.5,0.42,45.4
2025-08-10,Unit 3,4368.4,27.83,5.69,0.469,50.4
2025-08-11,Unit 1,4293.0,28.14,5.61,0.376,48.0
2025-08-11,Unit 2,4380.0,27.52,5.75,0.42,47.7
2025-08-11,Unit 3,4365.4,27.06,6.48,0.367,46.8
2025-08-12,Unit 1,4400.0,26.82,6.38,0.455,48.8
2025-08-12,Unit 2,4423.0,28.04,6.36,0.441,50.3
2025-08-12,Unit 3,4305.5,28.52,5.93,0.476,48.7
2025-08-13,Unit 1,4417.7,29.24,5.72,0.363,48.0
2025-08-13,Unit 2,4325.0,27.39,6.08,0.436,45.8
2025-08-13,Unit 3,4372.9,28.48,6.12,0.391,46.9
2025-08-14,Unit 1,4319.3,27.75,6.48,0.397,50.2
2025-08-14,Unit 2,4346.7,27.95,6.28,0.417,52.7
2025-08-14,Unit 3,4300.9,27.95,6.19,0.468,46.2
2025-08-15,Unit 1,4332.8,26.96,6.07,0.449,50.6
2025-08-15,Unit 2,4335.3,28.56,5.8,0.455,45.1
2025-08-15,Unit 3,4456.7,28.08,6.54,0.427,49.0
2025-08-16,Unit 1,4332.1,30.73,6.24,0.42,51.7
2025-08-16,Unit 2,4373.2,28.41,6.43,0.436,47.6
2025-08-16,Unit 3,4303.2,28.16,6.32,0.407,48.2
2025-08-17,Unit 1,4338.8,28.0,6.08,0.395,46.5
2025-08-17,Unit 2,4373.7,29.14,6.64,0.46,49.7
2025-08-17,Unit 3,4341.4,29.0,6.49,0.497,48.2
2025-08-18,Unit 1,4342.5,27.26,6.04,0.429,47.1
2025-08-18,Unit 2,4325.8,28.64,6.37,0.405,48.1
2025-08-18,Unit 3,4367.6,28.26,6.22,0.407,46.7
2025-08-19,Unit 1,4389.4,29.38,6.35,0.468,44.9
2025-08-19,Unit 2,4385.0,29.07,6.55,0.397,50.6
2025-08-19,Unit 3,4289.5,28.43,6.02,0.387,44.3
2025-08-20,Unit 1,4383.1,27.13,6.26,0.454,43.2
2025-08-20,Unit 2,4286.3,28.61,6.51,0.439,48.2
2025-08-20,Unit 3,4364.7,26.75,6.21,0.407,50.7
2025-08-21,Unit 1,4330.9,27.96,6.6,0.362,48.0
2025-08-21,Unit 2,4373.7,28.08,6.08,0.435,46.7
2025-08-21,Unit 3,4351.4,26.66,6.29,0.434,49.2
2025-08-22,Unit 1,4325.8,27.12,5.59,0.409,46.4
2025-08-22,Unit 2,4349.1,27.37,6.24,0.477,47.2
2025-08-22,Unit 3,4322.0,28.33,5.97,0.407,46.9
2025-08-23,Unit 1,4354.8,27.65,5.59,0.459,49.4
2025-08-23,Unit 2,4375.1,29.3,6.32,0.425,48.5
2025-08-23,Unit 3,4345.2,29.15,6.03,0.456,48.1
2025-08-24,Unit 1,4305.4,26.61,6.53,0.352,47.6
2025-08-24,Unit 2,4356.4,28.53,5.89,0.471,48.5
2025-08-24,Unit 3,4312.7,27.2,6.41,0.407,46.3
2025-08-25,Unit 1,4312.6,27.82,6.56,0.451,49.9
2025-08-25,Unit 2,4353.3,28.17,6.39,0.423,52.2
2025-08-25,Unit 3,4390.8,28.52,6.45,0.425,47.4
2025-08-26,Unit 1,4281.3,28.19,6.47,0.413,50.9
2025-08-26,Unit 2,4319.0,29.09,6.79,0.419,50.5
2025-08-26,Unit 3,4231.8,27.49,6.01,0.391,48.2
2025-08-27,Unit 1,4335.8,29.18,5.9,0.404,49.5
2025-08-27,Unit 2,4395.1,28.62,5.8,0.446,50.6
2025-08-27,Unit 3,4398.9,28.42,6.19,0.435,44.9
2025-08-28,Unit 1,4329.5,27.85,6.36,0.4,50.1
2025-08-28,Unit 2,4385.8,28.1,6.15,0.495,45.4
2025-08-28,Unit 3,4336.6,28.29,6.12,0.441,49.5
2025-08-29,Unit 1,4429.3,27.64,6.56,0.424,48.7
2025-08-29,Unit 2,4358.5,27.84,6.26,0.479,47.4
2025-08-29,Unit 3,4372.7,28.48,6.62,0.432,49.6
2025-08-30,Unit 1,4356.7,28.16,5.83,0.458,48.3
2025-08-30,Unit 2,4359.4,29.25,6.22,0.387,45.6
2025-08-30,Unit 3,4360.2,27.58,6.39,0.411,50.5
2025-08-31,Unit 1,4389.1,29.65,6.17,0.415,47.6
2025-08-31,Unit 2,4344.2,27.07,6.65,0.396,48.1
2025-08-31,Unit 3,4336.6,28.48,5.61,0.395,48.4
2025-09-01,Unit 1,4404.6,27.95,6.21,0.447,46.9
2025-09-01,Unit 2,4383.1,26.79,6.21,0.352,47.8
2025-09-01,Unit 3,4372.3,27.93,6.23,0.375,48.8
2025-09-02,Unit 1,4332.7,27.37,6.04,0.438,49.4
2025-09-02,Unit 2,4314.8,26.89,6.32,0.419,47.1
2025-09-02,Unit 3,4322.4,28.13,6.48,0.399,45.2
2025-09-03,Unit 1,4367.4,27.85,6.42,0.381,48.1
2025-09-03,Unit 2,4381.0,27.03,6.55,0.414,44.1
2025-09-03,Unit 3,4330.8,27.47,5.69,0.39,46.6
2025-09-04,Unit 1,4324.4,29.19,5.98,0.378,43.7
2025-09-04,Unit 2,4348.9,29.09,6.4,0.395,45.9
2025-09-04,Unit 3,4319.8,27.92,6.63,0.4,44.9
2025-09-05,Unit 1,4340.6,28.35,6.58,0.433,46.8
2025-09-05,Unit 2,4397.6,27.76,6.53,0.513,47.9
2025-09-05,Unit 3,4323.5,26.78,6.1,0.447,46.1
2025-09-06,Unit 1,4424.1,27.67,5.87,0.409,50.9
2025-09-06,Unit 2,4387.8,27.56,5.64,0.481,46.0
2025-09-06,Unit 3,4393.3,27.73,6.66,0.356,49.5
2025-09-07,Unit 1,4374.9,28.21,6.36,0.42,45.7
2025-09-07,Unit 2,4335.1,27.99,6.11,0.425,50.4
2025-09-07,Unit 3,4331.3,27.23,6.83,0.466,47.8
2025-09-08,Unit 1,4391.3,26.87,6.33,0.446,49.8
2025-09-08,Unit 2,4413.0,27.96,5.98,0.394,48.7
2025-09-08,Unit 3,4321.4,28.94,6.11,0.383,47.7
2025-09-09,Unit 1,4325.1,27.92,6.28,0.399,47.4
2025-09-09,Unit 2,4377.9,28.32,6.14,0.435,47.2
2025-09-09,Unit 3,4373.2,26.8,6.14,0.422,47.5
2025-09-10,Unit 1,4402.0,26.88,6.44,0.454,47.9
2025-09-10,Unit 2,4310.9,29.39,6.45,0.393,48.7
2025-09-10,Unit 3,4398.3,26.6,6.87,0.422,50.1
2025-09-11,Unit 1,4386.2,26.38,6.45,0.46,47.6
2025-09-11,Unit 2,4301.3,28.24,6.19,0.368,50.8
2025-09-11,Unit 3,4315.5,29.14,5.95,0.403,45.1
2025-09-12,Unit 1,4387.4,28.41,5.9,0.409,49.6
2025-09-12,Unit 2,4282.8,27.6,6.28,0.45,49.3
2025-09-12,Unit 3,4347.3,27.21,6.44,0.431,45.5
2025-09-13,Unit 1,4432.2,28.12,5.78,0.401,47.1
2025-09-13,Unit 2,4411.1,29.52,7.06,0.393,53.6
2025-09-13,Unit 3,4297.2,27.81,6.59,0.418,48.3
2025-09-14,Unit 1,4296.7,28.41,6.81,0.413,46.9
2025-09-14,Unit 2,4340.4,28.18,6.04,0.472,49.6
2025-09-14,Unit 3,4342.3,28.36,6.15,0.437,49.5
2025-09-15,Unit 1,4322.4,28.37,6.59,0.455,45.5
2025-09-15,Unit 2,4362.5,26.81,6.38,0.46,47.7
2025-09-15,Unit 3,4409.8,27.77,5.61,0.429,45.1
2025-09-16,Unit 1,4370.4,28.92,5.94,0.4,46.7
2025-09-16,Unit 2,4329.4,28.0,6.65,0.443,51.0
2025-09-16,Unit 3,4361.8,28.25,6.6,0.367,46.1
2025-09-17,Unit 1,4371.4,26.37,6.53,0.463,52.7
2025-09-17,Unit 2,4393.2,29.1,6.26,0.414,45.3
2025-09-17,Unit 3,4394.5,28.34,6.06,0.426,45.8
2025-09-18,Unit 1,4346.3,26.95,5.17,0.365,44.7
2025-09-18,Unit 2,4368.5,28.35,6.36,0.343,48.1
2025-09-18,Unit 3,4246.7,27.33,6.24,0.454,47.4
2025-09-19,Unit 1,4346.6,29.8,6.14,0.415,45.1
2025-09-19,Unit 2,4298.3,28.07,5.88,0.385,47.2
2025-09-19,Unit 3,4357.3,27.21,6.23,0.425,45.0
2025-09-20,Unit 1,4326.1,28.45,6.23,0.368,49.7
2025-09-20,Unit 2,4389.0,27.61,6.31,0.368,47.7
2025-09-20,Unit 3,4351.3,27.86,6.52,0.42,48.5
2025-09-21,Unit 1,4367.2,28.96,6.42,0.448,46.8
2025-09-21,Unit 2,4415.1,27.77,5.96,0.435,48.2
2025-09-21,Unit 3,4393.0,27.61,6.27,0.464,47.1
2025-09-22,Unit 1,4361.2,27.86,6.23,0.414,44.4
2025-09-22,Unit 2,4330.2,26.81,6.18,0.373,48.8
2025-09-22,Unit 3,4322.5,28.63,5.66,0.39,45.8
2025-09-23,Unit 1,4349.8,27.8,5.77,0.424,49.9
2025-09-23,Unit 2,4326.8,28.36,6.38,0.465,44.9
2025-09-23,Unit 3,4297.7,28.18,6.28,0.389,47.0
2025-09-24,Unit 1,4374.2,27.67,6.18,0.423,48.2
2025-09-24,Unit 2,4196.5,28.99,6.04,0.396,47.2
2025-09-24,Unit 3,4374.9,28.51,5.96,0.391,47.0
2025-09-25,Unit 1,4323.7,27.25,6.57,0.397,47.3
2025-09-25,Unit 2,4305.3,27.83,5.75,0.456,47.1
2025-09-25,Unit 3,4301.8,27.21,5.99,0.407,45.6
2025-09-26,Unit 1,4274.8,27.18,6.23,0.463,50.2
2025-09-26,Unit 2,4342.4,27.93,5.54,0.414,49.7
2025-09-26,Unit 3,4328.7,27.69,5.86,0.431,52.9
2025-09-27,Unit 1,4362.5,28.68,6.18,0.417,47.1
2025-09-27,Unit 2,4394.1,28.14,6.26,0.426,51.5
2025-09-27,Unit 3,4325.7,28.87,6.57,0.431,47.0
2025-09-28,Unit 1,4341.0,27.05,6.63,0.364,51.0
2025-09-28,Unit 2,4381.5,28.37,6.42,0.417,51.5
2025-09-28,Unit 3,4336.5,28.97,6.2,0.428,50.8
2025-09-29,Unit 1,4430.9,29.09,6.18,0.488,49.1
2025-09-29,Unit 2,4344.1,28.6,6.52,0.383,47.4
2025-09-29,Unit 3,4349.8,28.61,6.09,0.422,44.8
2025-09-30,Unit 1,4316.9,28.57,5.78,0.379,47.9
2025-09-30,Unit 2,4347.6,28.77,6.33,0.425,48.7
2025-09-30,Unit 3,4257.8,29.33,5.85,0.496,52.2
2025-10-01,Unit 1,4367.9,28.26,5.84,0.433,47.6
2025-10-01,Unit 2,4382.6,27.26,6.26,0.415,51.5
2025-10-01,Unit 3,4420.8,29.0,6.81,0.434,48.3
2025-10-02,Unit 1,4367.7,27.88,5.64,0.453,47.7
2025-10-02,Unit 2,4365.5,28.02,6.07,0.421,45.9
2025-10-02,Unit 3,4349.0,27.06,6.67,0.375,48.5
2025-10-03,Unit 1,4311.2,28.34,5.87,0.435,46.4
2025-10-03,Unit 2,4377.4,27.49,6.56,0.474,47.5
2025-10-03,Unit 3,4325.7,27.5,6.43,0.44,49.7
2025-10-04,Unit 1,4237.8,28.31,6.64,0.394,45.9
2025-10-04,Unit 2,4376.5,28.03,6.71,0.451,48.7
2025-10-04,Unit 3,4309.1,28.32,6.49,0.449,46.3
2025-10-05,Unit 1,4353.3,28.94,6.07,0.411,45.3
2025-10-05,Unit 2,4335.9,29.72,6.17,0.455,47.2
2025-10-05,Unit 3,4399.2,28.42,6.33,0.368,46.6
2025-10-06,Unit 1,4321.0,29.48,6.05,0.436,49.1
2025-10-06,Unit 2,4336.8,28.93,6.72,0.36,45.3
2025-10-06,Unit 3,4313.5,28.7,6.36,0.392,47.9
2025-10-07,Unit 1,4356.0,26.42,6.61,0.432,50.2
2025-10-07,Unit 2,4304.7,28.46,6.94,0.417,49.9
2025-10-07,Unit 3,4418.2,26.59,5.83,0.404,47.3
2025-10-08,Unit 1,4401.0,27.09,6.35,0.402,51.2
2025-10-08,Unit 2,4261.9,27.82,6.27,0.386,45.8
2025-10-08,Unit 3,4335.8,29.32,6.22,0.424,52.6
2025-10-09,Unit 1,4395.8,29.02,6.52,0.43,50.2
2025-10-09,Unit 2,4401.0,29.98,6.28,0.389,47.3
2025-10-09,Unit 3,4357.9,26.22,6.27,0.423,49.1
2025-10-10,Unit 1,4357.8,27.68,5.93,0.418,47.8
2025-10-10,Unit 2,4370.5,29.79,6.1,0.435,44.2
2025-10-10,Unit 3,4360.3,29.31,5.85,0.486,44.9
2025-10-11,Unit 1,4355.6,27.66,5.9,0.398,43.9
2025-10-11,Unit 2,4317.2,28.56,6.3,0.333,45.9
2025-10-11,Unit 3,4394.1,28.69,6.14,0.472,48.4
2025-10-12,Unit 1,4323.8,29.02,6.05,0.429,48.3
2025-10-12,Unit 2,4347.4,27.64,6.5,0.426,48.1
2025-10-12,Unit 3,4407.4,26.9,6.1,0.454,50.3
2025-10-13,Unit 1,4330.2,27.3,6.29,0.439,47.3
2025-10-13,Unit 2,4397.7,27.76,6.31,0.415,49.0
2025-10-13,Unit 3,4320.0,28.92,5.99,0.422,47.9
2025-10-14,Unit 1,4293.1,27.34,5.96,0.403,45.9
2025-10-14,Unit 2,4358.5,26.74,6.27,0.436,49.4
2025-10-14,Unit 3,4414.1,28.37,5.99,0.45,52.7
2025-10-15,Unit 1,4347.2,27.77,6.33,0.398,47.3
2025-10-15,Unit 2,4283.4,26.4,6.15,0.4,48.4
2025-10-15,Unit 3,4333.0,26.67,6.34,0.458,48.6
2025-10-16,Unit 1,4368.5,27.73,6.12,0.383,49.1
2025-10-16,Unit 2,4419.5,28.34,6.3,0.416,47.9
2025-10-16,Unit 3,4305.1,29.64,6.36,0.429,45.9
2025-10-17,Unit 1,4307.3,27.22,6.56,0.432,46.4
2025-10-17,Unit 2,4372.3,26.49,6.19,0.412,48.8
2025-10-17,Unit 3,4367.5,27.4,5.26,0.444,49.0
2025-10-18,Unit 1,4310.3,28.31,6.04,0.442,49.0
2025-10-18,Unit 2,4410.8,28.45,6.74,0.422,47.9
2025-10-18,Unit 3,4317.0,28.47,6.17,0.434,48.6
2025-10-19,Unit 1,4382.7,27.27,6.29,0.418,49.3
2025-10-19,Unit 2,4341.0,29.33,6.0,0.402,51.0
2025-10-19,Unit 3,4349.2,28.08,6.55,0.468,46.6
2025-10-20,Unit 1,4347.2,28.35,6.31,0.451,50.0
2025-10-20,Unit 2,4371.2,28.78,6.28,0.402,51.6
2025-10-20,Unit 3,4423.4,27.59,6.25,0.397,51.4
2025-10-21,Unit 1,4403.2,27.88,5.63,0.526,46.6
2025-10-21,Unit 2,4338.7,27.96,6.13,0.427,47.5
2025-10-21,Unit 3,4373.8,27.77,6.09,0.435,48.4
2025-10-22,Unit 1,4389.1,28.33,6.55,0.41,48.6
2025-10-22,Unit 2,4365.0,29.13,6.14,0.391,47.5
2025-10-22,Unit 3,4375.8,28.09,6.48,0.453,47.2
2025-10-23,Unit 1,4303.7,29.02,6.56,0.425,45.5
2025-10-23,Unit 2,4379.3,29.1,5.9,0.41,49.5
2025-10-23,Unit 3,4392.5,27.74,6.2,0.447,51.2
2025-10-24,Unit 1,4357.8,28.86,6.44,0.435,51.2
2025-10-24,Unit 2,4305.0,27.0,5.96,0.409,47.4
2025-10-24,Unit 3,4421.2,28.13,6.09,0.417,48.2
2025-10-25,Unit 1,4385.6,29.1,5.92,0.473,47.4
2025-10-25,Unit 2,4352.9,29.15,6.1,0.407,45.7
2025-10-25,Unit 3,4382.3,27.82,5.98,0.4,46.7
2025-10-26,Unit 1,4312.4,26.55,6.39,0.43,46.0
2025-10-26,Unit 2,4416.6,27.62,6.05,0.412,45.8
2025-10-26,Unit 3,4292.0,27.26,6.56,0.436,46.8
2025-10-27,Unit 1,4361.5,27.85,6.48,0.374,45.0
2025-10-27,Unit 2,4347.9,28.52,6.22,0.416,50.4
2025-10-27,Unit 3,4381.3,27.95,6.2,0.387,47.4
2025-10-28,Unit 1,4318.8,27.5,6.21,0.41,43.9
2025-10-28,Unit 2,4325.6,28.39,6.44,0.444,48.5
2025-10-28,Unit 3,4373.2,28.23,6.01,0.445,47.9
2025-10-29,Unit 1,4331.5,27.75,6.54,0.423,46.3
2025-10-29,Unit 2,4350.8,28.71,6.0,0.43,44.9
2025-10-29,Unit 3,4355.2,27.15,6.33,0.445,49.1
2025-10-30,Unit 1,4383.0,28.99,6.08,0.376,48.9
2025-10-30,Unit 2,4358.0,27.6,5.89,0.391,49.4
2025-10-30,Unit 3,4391.4,27.35,6.72,0.361,46.9
2025-10-31,Unit 1,4383.0,28.14,6.35,0.404,47.3
2025-10-31,Unit 2,4369.9,28.56,6.3,0.448,47.0
2025-10-31,Unit 3,4261.7,28.34,6.1,0.423,47.6
2025-11-01,Unit 1,4263.5,28.39,6.4,0.442,47.2
2025-11-01,Unit 2,4394.4,26.8,6.1,0.46,50.0
2025-11-01,Unit 3,4317.6,27.18,5.58,0.457,47.2
2025-11-02,Unit 1,4459.4,27.3,6.37,0.448,48.7
2025-11-02,Unit 2,4342.4,27.29,6.33,0.441,48.5
2025-11-02,Unit 3,4304.8,28.92,6.1,0.47,49.7
2025-11-03,Unit 1,4335.3,27.11,6.36,0.403,46.3
2025-11-03,Unit 2,4329.7,28.8,6.31,0.369,49.8
2025-11-03,Unit 3,4331.4,28.68,6.27,0.379,50.1
2025-11-04,Unit 1,4337.4,28.74,6.13,0.455,47.2
2025-11-04,Unit 2,4356.7,27.27,5.78,0.362,47.4
2025-11-04,Unit 3,4319.7,28.07,6.49,0.423,50.3
2025-11-05,Unit 1,4371.5,27.0,6.63,0.364,46.6
2025-11-05,Unit 2,4264.9,28.03,6.28,0.468,48.2
2025-11-05,Unit 3,4290.3,29.04,6.15,0.456,47.0
2025-11-06,Unit 1,4364.5,29.77,6.29,0.435,42.9
2025-11-06,Unit 2,4324.6,27.5,6.14,0.412,48.0
2025-11-06,Unit 3,4344.6,27.44,6.16,0.371,48.4
2025-11-07,Unit 1,4329.4,28.12,6.46,0.377,52.0
2025-11-07,Unit 2,4364.0,28.84,6.06,0.406,48.7
2025-11-07,Unit 3,4368.1,28.49,6.01,0.368,48.0
2025-11-08,Unit 1,4331.7,29.23,6.47,0.403,47.1
2025-11-08,Unit 2,4374.3,27.52,5.77,0.451,48.9
2025-11-08,Unit 3,4301.2,29.78,5.99,0.439,45.6
2025-11-09,Unit 1,4358.9,26.38,6.36,0.434,44.5
2025-11-09,Unit 2,4397.2,26.75,6.09,0.432,44.2
2025-11-09,Unit 3,4448.2,28.35,6.58,0.413,48.4
2025-11-10,Unit 1,4379.4,28.74,6.42,0.377,50.3
2025-11-10,Unit 2,4344.9,26.98,6.11,0.399,46.7
2025-11-10,Unit 3,4324.7,27.58,6.06,0.414,48.2
2025-11-11,Unit 1,4351.1,28.06,6.41,0.441,50.8
2025-11-11,Unit 2,4408.1,27.61,6.26,0.412,47.2
2025-11-11,Unit 3,4408.1,27.47,6.7,0.449,47.5
2025-11-12,Unit 1,4304.3,26.78,6.13,0.448,49.7
2025-11-12,Unit 2,4324.2,27.19,5.87,0.39,48.6
2025-11-12,Unit 3,4323.0,26.23,6.19,0.416,49.8
2025-11-13,Unit 1,4371.9,27.25,6.1,0.455,46.0
2025-11-13,Unit 2,4360.4,26.79,6.2,0.438,47.2
2025-11-13,Unit 3,4317.5,27.07,6.2,0.395,48.7
2025-11-14,Unit 1,4369.2,27.8,6.27,0.474,47.4
2025-11-14,Unit 2,4376.2,27.4,6.37,0.418,49.7
2025-11-14,Unit 3,4398.1,26.66,6.24,0.384,49.5
2025-11-15,Unit 1,4362.6,26.97,5.98,0.431,48.4
2025-11-15,Unit 2,4389.5,28.89,6.75,0.433,48.4
2025-11-15,Unit 3,4396.0,28.05,5.87,0.436,47.8
2025-11-16,Unit 1,4351.3,27.13,6.31,0.388,48.5
2025-11-16,Unit 2,4405.9,28.26,5.6,0.445,48.5
2025-11-16,Unit 3,4296.9,27.07,6.11,0.468,46.8
2025-11-17,Unit 1,4347.2,27.46,6.06,0.458,47.8
2025-11-17,Unit 2,4361.2,28.93,6.26,0.359,46.9
2025-11-17,Unit 3,4352.0,29.06,5.91,0.454,50.1
2025-11-18,Unit 1,4282.1,26.96,5.92,0.389,48.7
2025-11-18,Unit 2,4366.3,27.82,5.86,0.398,48.7
2025-11-18,Unit 3,4356.7,26.9,6.3,0.443,51.0
2025-11-19,Unit 1,4387.4,28.3,5.86,0.419,49.9
2025-11-19,Unit 2,4358.7,28.77,5.98,0.444,49.3
2025-11-19,Unit 3,4308.8,28.18,5.68,0.451,48.1
2025-11-20,Unit 1,4357.9,27.5,6.31,0.478,45.7
2025-11-20,Unit 2,4278.5,27.97,6.66,0.416,49.1
2025-11-20,Unit 3,4374.6,26.14,6.4,0.424,46.9
2025-11-21,Unit 1,4405.1,28.61,6.01,0.39,46.6
2025-11-21,Unit 2,4421.0,28.25,6.41,0.393,47.3
2025-11-21,Unit 3,4303.1,27.75,6.39,0.39,47.6
2025-11-22,Unit 1,4412.5,27.44,6.15,0.451,49.5
2025-11-22,Unit 2,4267.4,28.81,6.32,0.446,46.5
2025-11-22,Unit 3,4322.1,26.91,6.31,0.452,46.4
2025-11-23,Unit 1,4380.6,29.18,6.27,0.412,44.6
2025-11-23,Unit 2,4270.9,27.6,6.11,0.411,49.2
2025-11-23,Unit 3,4316.9,28.1,6.34,0.426,48.9
2025-11-24,Unit 1,4328.4,27.41,5.73,0.414,49.5
2025-11-24,Unit 2,4336.2,27.83,5.99,0.436,47.4
2025-11-24,Unit 3,4333.9,28.86,6.11,0.432,46.2
2025-11-25,Unit 1,4315.0,27.61,6.3,0.457,50.3
2025-11-25,Unit 2,4299.3,28.39,6.19,0.414,50.2
2025-11-25,Unit 3,4363.5,27.09,5.78,0.419,46.3
2025-11-26,Unit 1,4338.8,28.1,6.33,0.433,46.5
2025-11-26,Unit 2,4338.8,27.9,6.34,0.338,48.3
2025-11-26,Unit 3,4307.9,27.62,5.84,0.365,50.0
2025-11-27,Unit 1,4293.3,29.81,6.15,0.385,48.3
2025-11-27,Unit 2,4267.6,28.27,6.38,0.402,46.8
2025-11-27,Unit 3,4371.3,26.03,6.0,0.455,48.7
2025-11-28,Unit 1,4351.2,28.42,6.46,0.423,45.0
2025-11-28,Unit 2,4335.7,27.84,6.02,0.432,48.3
2025-11-28,Unit 3,4391.2,27.83,5.71,0.389,45.8
2025-11-29,Unit 1,4361.7,28.17,6.35,0.422,48.0
2025-11-29,Unit 2,4337.6,28.32,6.4,0.417,44.2
2025-11-29,Unit 3,4402.6,27.84,5.58,0.433,50.5
2025-11-30,Unit 1,4387.5,28.52,5.89,0.439,49.3
2025-11-30,Unit 2,4370.4,29.32,5.48,0.471,49.0
2025-11-30,Unit 3,4363.2,27.26,5.97,0.435,47.0
2025-12-01,Unit 1,4380.3,27.78,6.09,0.399,48.5
2025-12-01,Unit 2,4373.5,28.44,6.02,0.399,48.3
2025-12-01,Unit 3,4347.8,27.88,5.92,0.395,50.6
2025-12-02,Unit 1,4326.5,27.4,5.9,0.378,46.2
2025-12-02,Unit 2,4393.5,28.36,6.77,0.391,51.8
2025-12-02,Unit 3,4343.8,28.57,6.23,0.404,46.9
2025-12-03,Unit 1,4341.4,27.4,5.67,0.422,50.1
2025-12-03,Unit 2,4364.7,27.75,6.09,0.44,47.1
2025-12-03,Unit 3,4361.3,28.26,6.31,0.404,47.7
2025-12-04,Unit 1,4297.6,29.25,6.05,0.402,46.2
2025-12-04,Unit 2,4372.8,28.04,6.38,0.386,46.1
2025-12-04,Unit 3,4366.9,27.05,6.73,0.39,46.4
2025-12-05,Unit 1,4326.6,26.59,6.87,0.354,49.6
2025-12-05,Unit 2,4405.2,28.16,6.47,0.422,48.3
2025-12-05,Unit 3,4322.9,28.74,6.67,0.379,49.1
2025-12-06,Unit 1,4397.9,28.01,6.07,0.451,48.2
2025-12-06,Unit 2,4307.2,27.58,6.2,0.414,50.5
2025-12-06,Unit 3,4350.5,27.99,5.91,0.435,47.9
2025-12-07,Unit 1,4331.5,27.75,5.75,0.397,44.9
2025-12-07,Unit 2,4315.3,28.54,6.78,0.393,46.5
2025-12-07,Unit 3,4308.3,26.67,5.97,0.363,46.2
2025-12-08,Unit 1,4329.3,27.6,5.9,0.395,46.1
2025-12-08,Unit 2,4394.8,27.79,6.25,0.44,47.0
2025-12-08,Unit 3,4413.3,28.33,6.4,0.418,48.9
2025-12-09,Unit 1,4376.9,26.56,6.6,0.454,47.4
2025-12-09,Unit 2,4395.5,28.66,6.12,0.408,47.7
2025-12-09,Unit 3,4387.8,27.04,6.14,0.438,49.5
2025-12-10,Unit 1,4340.3,28.85,6.39,0.433,46.2
2025-12-10,Unit 2,4376.9,29.47,6.64,0.35,47.4
2025-12-10,Unit 3,4308.4,27.31,5.74,0.382,45.1
2025-12-11,Unit 1,4332.5,28.49,6.21,0.415,52.6
2025-12-11,Unit 2,4276.1,27.58,5.84,0.432,45.8
2025-12-11,Unit 3,4306.5,30.24,6.05,0.353,46.3
2025-12-12,Unit 1,4398.4,28.46,5.91,0.44,48.3
2025-12-12,Unit 2,4389.7,27.26,6.49,0.39,50.7
2025-12-12,Unit 3,4350.6,27.99,6.03,0.371,47.1
2025-12-13,Unit 1,4329.1,27.01,6.54,0.434,50.8
2025-12-13,Unit 2,4365.5,29.46,5.64,0.427,47.2
2025-12-13,Unit 3,4339.4,26.86,6.17,0.412,43.1
2025-12-14,Unit 1,4392.8,27.83,5.96,0.427,51.9
2025-12-14,Unit 2,4334.5,26.67,5.94,0.464,50.9
2025-12-14,Unit 3,4388.0,26.63,6.4,0.42,49.7
2025-12-15,Unit 1,4322.2,28.3,5.89,0.413,48.6
2025-12-15,Unit 2,4363.6,28.48,6.12,0.442,48.7
2025-12-15,Unit 3,4346.3,27.67,6.67,0.437,47.7
2025-12-16,Unit 1,4409.8,28.16,6.14,0.361,48.1
2025-12-16,Unit 2,4258.3,27.11,5.73,0.43,47.0
2025-12-16,Unit 3,4333.5,26.84,6.49,0.424,46.3
2025-12-17,Unit 1,4390.0,28.19,6.39,0.452,46.9
2025-12-17,Unit 2,4441.8,29.03,5.89,0.447,49.4
2025-12-17,Unit 3,4329.8,27.12,6.2,0.356,48.1
2025-12-18,Unit 1,4288.7,27.2,6.08,0.435,48.2
2025-12-18,Unit 2,4369.3,29.0,6.29,0.392,51.8
2025-12-18,Unit 3,4301.5,25.59,6.15,0.453,46.0
2025-12-19,Unit 1,4353.8,28.16,6.2,0.471,46.0
2025-12-19,Unit 2,4335.1,28.22,6.03,0.402,50.9
2025-12-19,Unit 3,4322.4,27.45,6.04,0.402,45.4
2025-12-20,Unit 1,4366.7,27.25,6.28,0.464,48.9
2025-12-20,Unit 2,4334.6,27.35,6.74,0.444,46.5
2025-12-20,Unit 3,4378.3,27.66,6.06,0.42,46.4
2025-12-21,Unit 1,4320.1,27.75,5.91,0.44,46.3
2025-12-21,Unit 2,4361.5,27.24,6.01,0.396,50.2
2025-12-21,Unit 3,4392.1,25.95,6.34,0.412,43.2
2025-12-22,Unit 1,4316.6,28.27,6.04,0.399,47.9
2025-12-22,Unit 2,4348.6,27.58,5.89,0.411,51.3
2025-12-22,Unit 3,4319.1,27.6,5.89,0.414,47.2
2025-12-23,Unit 1,4338.8,27.58,6.22,0.452,44.7
2025-12-23,Unit 2,4392.6,28.48,6.41,0.378,51.0
2025-12-23,Unit 3,4351.1,27.4,6.59,0.385,48.0
2025-12-24,Unit 1,4328.1,27.96,6.19,0.41,49.7
2025-12-24,Unit 2,4306.2,27.71,6.21,0.392,49.9
2025-12-24,Unit 3,4351.9,27.92,5.8,0.431,51.2
2025-12-25,Unit 1,4357.3,27.1,5.67,0.454,48.1
2025-12-25,Unit 2,4330.5,27.79,6.0,0.398,50.2
2025-12-25,Unit 3,4297.8,27.31,6.41,0.424,45.1
2025-12-26,Unit 1,4412.8,26.78,6.13,0.395,51.7
2025-12-26,Unit 2,4332.1,28.06,6.01,0.395,47.6
2025-12-26,Unit 3,4350.2,28.71,6.4,0.374,49.7
2025-12-27,Unit 1,4327.1,28.65,5.85,0.401,44.4
2025-12-27,Unit 2,4409.0,28.33,5.99,0.371,45.8
2025-12-27,Unit 3,4302.9,29.25,6.47,0.472,49.1
2025-12-28,Unit 1,4428.5,26.41,6.11,0.438,47.6
2025-12-28,Unit 2,4326.7,28.84,5.9,0.374,46.2
2025-12-28,Unit 3,4312.5,28.14,6.27,0.46,46.5
2025-12-29,Unit 1,4313.8,28.81,6.5,0.399,49.1
2025-12-29,Unit 2,4279.1,28.27,5.86,0.38,48.1
2025-12-29,Unit 3,4386.8,28.88,6.3,0.396,45.0
2025-12-30,Unit 1,4290.9,28.26,7.14,0.466,46.7
2025-12-30,Unit 2,4320.8,28.88,6.29,0.43,50.4
2025-12-30,Unit 3,4338.1,28.57,5.93,0.409,48.4
2025-12-31,Unit 1,4338.8,27.51,6.1,0.445,44.2
2025-12-31,Unit 2,4323.4,27.9,6.61,0.419,48.9
2025-12-31,Unit 3,4377.0,28.46,6.35,0.453,50.2
