Date,Unit,Coal Used (Ton),SFC (kg/MWh),Heat Rate (kcal/kWh),Boiler Efficiency (%)
2025-01-01,Unit 1,881.39,451.32,2892.43,88.37
2025-01-01,Unit 2,1044.59,456.89,2997.86,88.04
2025-01-01,Unit 3,993.55,457.19,2952.96,87.8
2025-01-02,Unit 1,1035.84,451.64,2931.45,87.62
2025-01-02,Unit 2,849.21,456.14,2945.56,88.17
2025-01-02,Unit 3,1084.19,456.2,2939.4,87.08
2025-01-03,Unit 1,1069.19,459.63,3023.73,87.25
2025-01-03,Unit 2,946.36,454.49,2935.61,88.25
2025-01-03,Unit 3,962.75,456.12,2950.96,88.2
2025-01-04,Unit 1,1054.22,458.96,2959.82,87.49
2025-01-04,Unit 2,1006.08,459.67,2966.74,87.75
2025-01-04,Unit 3,1087.36,459.0,2950.18,87.4
2025-01-05,Unit 1,1117.43,460.26,2976.42,87.58
2025-01-05,Unit 2,1016.24,449.63,2917.81,88.13
2025-01-05,Unit 3,1088.85,459.24,2990.71,87.28
2025-01-06,Unit 1,1016.85,459.07,2952.48,88.19
2025-01-06,Unit 2,914.14,459.69,2969.76,87.35
2025-01-06,Unit 3,910.8,461.66,2979.32,89.43
2025-01-07,Unit 1,962.45,452.35,2934.82,88.0
2025-01-07,Unit 2,1093.86,449.98,2907.66,88.63
2025-01-07,Unit 3,897.93,454.59,2924.68,87.49
2025-01-08,Unit 1,877.97,451.93,2920.95,87.53
2025-01-08,Unit 2,966.56,461.88,2978.52,88.06
2025-01-08,Unit 3,1082.4,453.79,2941.94,87.32
2025-01-09,Unit 1,885.7,460.62,3009.91,88.42
2025-01-09,Unit 2,838.73,451.27,2882.74,87.19
2025-01-09,Unit 3,924.81,443.23,2908.58,87.81
2025-01-10,Unit 1,1085.75,456.65,2965.47,88.08
2025-01-10,Unit 2,1091.49,457.22,2937.93,88.47
2025-01-10,Unit 3,914.89,464.52,3004.32,87.75
2025-01-11,Unit 1,1025.59,455.47,2946.21,87.96
2025-01-11,Unit 2,991.74,454.73,2977.32,88.44
2025-01-11,Unit 3,815.55,451.33,2900.3,88.86
2025-01-12,Unit 1,898.91,450.56,2920.76,87.94
2025-01-12,Unit 2,845.54,456.11,2955.26,87.2
2025-01-12,Unit 3,979.22,455.31,2961.89,87.56
2025-01-13,Unit 1,1016.29,463.42,3010.09,88.89
2025-01-13,Unit 2,975.62,452.05,2906.54,88.02
2025-01-13,Unit 3,1040.38,454.49,2951.9,87.14
2025-01-14,Unit 1,996.18,460.6,2962.0,87.71
2025-01-14,Unit 2,981.69,447.57,2936.11,87.87
2025-01-14,Unit 3,1092.19,457.41,2947.58,88.21
2025-01-15,Unit 1,1008.33,463.56,2988.84,88.12
2025-01-15,Unit 2,1111.89,462.41,2992.68,86.98
2025-01-15,Unit 3,986.19,445.86,2919.25,87.66
2025-01-16,Unit 1,981.27,449.78,2891.71,88.11
2025-01-16,Unit 2,856.07,449.89,2927.18,87.33
2025-01-16,Unit 3,989.56,455.83,2967.18,88.08
2025-01-17,Unit 1,865.07,454.77,2943.6,86.53
2025-01-17,Unit 2,1083.38,456.38,2934.06,87.12
2025-01-17,Unit 3,986.64,444.4,2908.94,87.89
2025-01-18,Unit 1,1091.43,455.05,2959.84,87.31
2025-01-18,Unit 2,1081.5,449.63,2911.91,86.52
2025-01-18,Unit 3,1110.23,455.07,2957.12,88.19
2025-01-19,Unit 1,1007.53,454.01,2937.73,87.54
2025-01-19,Unit 2,1015.54,455.95,2924.16,87.2
2025-01-19,Unit 3,804.36,448.42,2920.62,88.26
2025-01-20,Unit 1,1007.71,457.41,2954.72,88.04
2025-01-20,Unit 2,869.9,449.77,2917.43,87.47
2025-01-20,Unit 3,1062.53,449.36,2924.38,88.3
2025-01-21,Unit 1,1031.43,458.92,2973.33,87.12
2025-01-21,Unit 2,886.07,456.69,2949.65,87.72
2025-01-21,Unit 3,1051.49,446.69,2885.9,87.64
2025-01-22,Unit 1,968.83,454.93,2956.34,87.81
2025-01-22,Unit 2,1063.26,449.12,2940.86,87.6
2025-01-22,Unit 3,927.32,456.47,2993.8,88.97
2025-01-23,Unit 1,1087.22,461.12,2994.63,88.56
2025-01-23,Unit 2,1033.86,454.25,2956.9,88.07
2025-01-23,Unit 3,959.41,453.86,2958.18,87.69
2025-01-24,Unit 1,841.65,441.74,2857.4,87.47
2025-01-24,Unit 2,1073.72,457.69,2944.11,87.86
2025-01-24,Unit 3,849.01,456.91,2944.48,88.11
2025-01-25,Unit 1,981.75,462.92,2993.04,88.06
2025-01-25,Unit 2,1012.43,446.69,2912.69,87.63
2025-01-25,Unit 3,1028.37,465.13,2988.69,87.75
2025-01-26,Unit 1,1043.33,453.45,2944.92,87.0
2025-01-26,Unit 2,1008.23,449.06,2926.74,87.92
2025-01-26,Unit 3,1003.53,458.94,2983.78,87.49
2025-01-27,Unit 1,884.91,455.28,2971.4,87.99
2025-01-27,Unit 2,1079.86,448.13,2909.09,87.09
2025-01-27,Unit 3,1086.64,455.24,2951.04,87.72
2025-01-28,Unit 1,889.86,455.9,2953.78,88.2
2025-01-28,Unit 2,884.93,453.33,2932.29,87.47
2025-01-28,Unit 3,933.17,452.69,2941.49,86.89
2025-01-29,Unit 1,777.22,454.18,2931.4,87.29
2025-01-29,Unit 2,981.2,455.07,2952.73,88.84
2025-01-29,Unit 3,958.17,456.64,2973.81,87.74
2025-01-30,Unit 1,948.33,457.64,2975.46,86.91
2025-01-30,Unit 2,977.78,451.31,2939.63,87.83
2025-01-30,Unit 3,1076.72,455.6,2925.85,88.38
2025-01-31,Unit 1,1089.74,456.87,2960.71,88.5
2025-01-31,Unit 2,936.91,451.88,2951.84,87.24
2025-01-31,Unit 3,919.31,454.43,2944.78,87.09
2025-02-01,Unit 1,1068.37,462.5,2986.91,86.94
2025-02-01,Unit 2,959.79,442.1,2861.75,88.26
2025-02-01,Unit 3,1068.7,460.77,2975.53,87.82
2025-02-02,Unit 1,988.75,458.52,2993.13,88.63
2025-02-02,Unit 2,866.51,460.24,2996.47,88.08
2025-02-02,Unit 3,948.97,463.32,2968.21,88.43
2025-02-03,Unit 1,1064.46,467.45,3009.61,87.34
2025-02-03,Unit 2,938.83,457.39,2962.36,88.75
2025-02-03,Unit 3,1103.0,459.24,2957.9,86.98
2025-02-04,Unit 1,1094.97,453.3,2939.16,88.44
2025-02-04,Unit 2,787.16,453.51,2959.17,87.38
2025-02-04,Unit 3,843.53,454.53,2935.08,88.11
2025-02-05,Unit 1,1068.39,451.2,2954.75,89.18
2025-02-05,Unit 2,953.93,456.59,2950.76,86.33
2025-02-05,Unit 3,861.76,459.97,2968.92,87.54
2025-02-06,Unit 1,1072.19,453.79,2937.21,87.84
2025-02-06,Unit 2,1012.07,458.59,2983.04,87.65
2025-02-06,Unit 3,1025.24,454.84,2960.0,88.18
2025-02-07,Unit 1,962.43,451.06,2915.43,86.51
2025-02-07,Unit 2,905.59,450.35,2889.27,89.17
2025-02-07,Unit 3,855.98,460.13,2987.05,87.97
2025-02-08,Unit 1,907.8,462.51,2995.38,87.92
2025-02-08,Unit 2,1111.45,459.36,2963.68,88.11
2025-02-08,Unit 3,1063.52,456.65,2996.45,88.05
2025-02-09,Unit 1,1000.89,448.83,2931.19,87.46
2025-02-09,Unit 2,1078.62,452.55,2932.43,88.07
2025-02-09,Unit 3,1117.46,460.32,2982.79,87.34
2025-02-10,Unit 1,1077.86,451.19,2921.2,87.07
2025-02-10,Unit 2,977.41,454.37,2965.24,87.07
2025-02-10,Unit 3,1092.07,453.44,2944.76,86.95
2025-02-11,Unit 1,773.24,454.43,2951.6,88.4
2025-02-11,Unit 2,860.25,447.4,2903.75,88.29
2025-02-11,Unit 3,992.75,444.06,2917.46,88.45
2025-02-12,Unit 1,1006.96,454.04,2945.64,87.79
2025-02-12,Unit 2,1074.96,452.05,2919.25,87.62
2025-02-12,Unit 3,912.63,447.53,2898.58,87.71
2025-02-13,Unit 1,972.33,449.16,2930.46,88.62
2025-02-13,Unit 2,931.99,463.61,2982.08,87.35
2025-02-13,Unit 3,915.77,449.78,2929.61,86.5
2025-02-14,Unit 1,1030.28,460.3,2983.38,87.08
2025-02-14,Unit 2,1085.88,466.11,2995.23,87.53
2025-02-14,Unit 3,1029.1,452.19,2932.96,87.57
2025-02-15,Unit 1,1078.69,451.74,2940.58,87.39
2025-02-15,Unit 2,1086.66,452.26,2920.59,88.12
2025-02-15,Unit 3,1079.52,449.42,2942.01,88.13
2025-02-16,Unit 1,980.1,452.44,2937.81,88.3
2025-02-16,Unit 2,895.32,456.53,2962.38,87.7
2025-02-16,Unit 3,1012.1,461.71,2989.15,88.76
2025-02-17,Unit 1,970.69,456.91,2941.59,87.78
2025-02-17,Unit 2,879.94,454.14,2927.81,87.66
2025-02-17,Unit 3,1098.13,456.61,2974.57,87.29
2025-02-18,Unit 1,915.33,457.62,2979.97,88.27
2025-02-18,Unit 2,999.09,461.67,2989.27,87.27
2025-02-18,Unit 3,930.94,452.69,2934.76,87.87
2025-02-19,Unit 1,1128.18,464.03,2981.59,87.62
2025-02-19,Unit 2,925.24,460.98,2986.71,87.15
2025-02-19,Unit 3,858.88,450.91,2954.85,88.8
2025-02-20,Unit 1,932.79,461.33,2983.15,87.89
2025-02-20,Unit 2,928.74,449.98,2923.93,87.95
2025-02-20,Unit 3,1076.53,452.71,2936.01,87.87
2025-02-21,Unit 1,1022.61,452.23,2942.86,87.38
2025-02-21,Unit 2,936.67,461.02,2995.3,86.43
2025-02-21,Unit 3,1016.99,455.12,2947.61,87.71
2025-02-22,Unit 1,932.22,461.89,2997.08,87.58
2025-02-22,Unit 2,1095.09,455.24,2956.73,88.75
2025-02-22,Unit 3,895.52,449.59,2910.75,87.68
2025-02-23,Unit 1,826.64,456.07,2937.08,87.87
2025-02-23,Unit 2,1063.24,450.18,2930.39,88.26
2025-02-23,Unit 3,959.41,457.21,2965.01,87.77
2025-02-24,Unit 1,906.74,451.93,2941.92,87.66
2025-02-24,Unit 2,1024.44,464.32,2989.73,87.62
2025-02-24,Unit 3,1011.1,460.09,2999.21,88.11
2025-02-25,Unit 1,1023.0,457.3,2965.76,87.64
2025-02-25,Unit 2,1015.47,448.7,2926.19,87.91
2025-02-25,Unit 3,1035.28,462.78,2986.89,87.22
2025-02-26,Unit 1,888.6,450.8,2937.11,88.33
2025-02-26,Unit 2,1087.93,454.49,2945.64,87.67
2025-02-26,Unit 3,987.43,456.11,2963.95,89.15
2025-02-27,Unit 1,910.46,450.95,2955.56,87.75
2025-02-27,Unit 2,933.93,452.92,2934.39,87.59
2025-02-27,Unit 3,974.51,451.62,2929.99,86.75
2025-02-28,Unit 1,1072.23,446.36,2913.61,87.06
2025-02-28,Unit 2,923.07,467.4,3017.66,87.69
2025-02-28,Unit 3,926.7,461.85,2978.25,87.41
2025-03-01,Unit 1,1078.24,451.94,2946.86,88.12
2025-03-01,Unit 2,1044.55,455.52,2927.49,87.26
2025-03-01,Unit 3,947.68,453.64,2949.96,87.16
2025-03-02,Unit 1,884.04,455.09,2952.83,87.18
2025-03-02,Unit 2,1087.17,456.28,2971.41,87.4
2025-03-02,Unit 3,1071.77,447.5,2932.09,86.8
2025-03-03,Unit 1,998.68,449.27,2940.44,87.5
2025-03-03,Unit 2,913.06,456.99,2943.23,87.86
2025-03-03,Unit 3,960.88,450.08,2926.09,87.77
2025-03-04,Unit 1,957.33,445.97,2907.59,87.09
2025-03-04,Unit 2,1088.46,452.58,2938.83,88.1
2025-03-04,Unit 3,1055.95,457.5,2991.89,88.48
2025-03-05,Unit 1,911.92,447.93,2904.46,87.85
2025-03-05,Unit 2,970.44,455.62,3001.92,87.05
2025-03-05,Unit 3,848.33,458.49,2999.11,87.1
2025-03-06,Unit 1,979.77,452.06,2968.9,88.08
2025-03-06,Unit 2,1062.0,446.59,2910.65,87.89
2025-03-06,Unit 3,930.48,454.47,2973.24,88.2
2025-03-07,Unit 1,996.39,457.49,2960.02,87.37
2025-03-07,Unit 2,887.77,454.54,2924.6,87.72
2025-03-07,Unit 3,1008.74,463.66,3026.09,87.03
2025-03-08,Unit 1,1047.44,458.19,2969.34,88.06
2025-03-08,Unit 2,882.11,455.19,2961.37,88.76
2025-03-08,Unit 3,1027.21,463.87,2966.14,87.09
2025-03-09,Unit 1,914.28,451.95,2926.04,87.3
2025-03-09,Unit 2,1000.88,451.39,2936.29,87.3
2025-03-09,Unit 3,978.86,463.57,3010.1,88.14
2025-03-10,Unit 1,977.82,458.55,2971.2,88.69
2025-03-10,Unit 2,1012.6,459.31,2967.75,88.07
2025-03-10,Unit 3,1032.18,451.56,2921.34,87.88
2025-03-11,Unit 1,948.11,455.7,2956.11,87.95
2025-03-11,Unit 2,997.04,464.4,2997.32,87.94
2025-03-11,Unit 3,872.17,457.66,2970.77,88.48
2025-03-12,Unit 1,1084.65,454.6,2954.75,87.92
2025-03-12,Unit 2,845.29,454.93,2951.26,88.05
2025-03-12,Unit 3,861.4,450.34,2891.06,88.16
2025-03-13,Unit 1,835.76,448.75,2909.14,88.09
2025-03-13,Unit 2,1083.75,452.28,2931.72,87.8
2025-03-13,Unit 3,872.6,451.65,2964.76,87.65
2025-03-14,Unit 1,1051.13,443.38,2864.29,88.77
2025-03-14,Unit 2,943.05,466.73,3022.52,87.52
2025-03-14,Unit 3,933.85,445.55,2896.31,87.85
2025-03-15,Unit 1,863.04,461.16,2971.71,87.77
2025-03-15,Unit 2,1002.3,450.03,2912.18,88.19
2025-03-15,Unit 3,1070.28,455.87,2941.52,87.25
2025-03-16,Unit 1,1052.34,456.47,2944.91,88.11
2025-03-16,Unit 2,1028.89,453.58,2972.85,89.67
2025-03-16,Unit 3,1037.51,456.48,2967.41,88.05
2025-03-17,Unit 1,968.48,465.59,2974.75,88.1
2025-03-17,Unit 2,1060.04,454.51,2949.54,87.26
2025-03-17,Unit 3,1080.15,450.02,2927.93,87.94
2025-03-18,Unit 1,865.41,456.83,2949.21,87.5
2025-03-18,Unit 2,874.56,456.51,2947.44,87.66
2025-03-18,Unit 3,1077.37,453.75,2950.83,88.6
2025-03-19,Unit 1,881.0,450.45,2940.6,88.42
2025-03-19,Unit 2,810.77,453.72,2946.71,87.84
2025-03-19,Unit 3,933.13,460.81,2991.23,87.11
2025-03-20,Unit 1,1087.98,461.07,2989.3,88.58
2025-03-20,Unit 2,960.33,466.07,2992.86,88.22
2025-03-20,Unit 3,1019.79,464.11,2999.51,86.89
2025-03-21,Unit 1,1039.87,452.99,2964.16,88.4
2025-03-21,Unit 2,1048.92,466.73,3005.89,87.43
2025-03-21,Unit 3,1020.32,462.76,3020.91,87.35
2025-03-22,Unit 1,932.26,448.62,2918.49,86.65
2025-03-22,Unit 2,976.74,455.67,2965.19,88.0
2025-03-22,Unit 3,1050.76,459.06,2950.05,87.01
2025-03-23,Unit 1,983.21,450.23,2915.09,87.14
2025-03-23,Unit 2,934.31,447.14,2875.88,87.16
2025-03-23,Unit 3,944.21,462.33,2992.26,86.7
2025-03-24,Unit 1,1080.14,452.25,2924.01,87.26
2025-03-24,Unit 2,1089.69,458.94,2992.04,87.49
2025-03-24,Unit 3,917.45,454.15,2945.92,88.04
2025-03-25,Unit 1,1040.47,448.45,2939.22,88.4
2025-03-25,Unit 2,1016.63,452.02,2915.33,87.68
2025-03-25,Unit 3,887.18,442.46,2878.18,87.93
2025-03-26,Unit 1,1014.77,457.86,2942.49,86.96
2025-03-26,Unit 2,959.19,450.95,2931.31,87.45
2025-03-26,Unit 3,1101.58,467.6,2994.54,88.58
2025-03-27,Unit 1,948.06,461.92,2973.36,86.78
2025-03-27,Unit 2,940.4,461.99,2990.64,88.77
2025-03-27,Unit 3,916.67,466.48,3027.2,88.24
2025-03-28,Unit 1,858.38,447.92,2922.86,88.18
2025-03-28,Unit 2,910.03,446.56,2909.24,87.64
2025-03-28,Unit 3,1029.85,450.83,2940.49,88.17
2025-03-29,Unit 1,990.67,459.99,2971.42,87.48
2025-03-29,Unit 2,1016.61,458.82,2944.33,86.91
2025-03-29,Unit 3,994.85,455.29,2929.13,86.96
2025-03-30,Unit 1,848.05,450.99,2947.77,88.5
2025-03-30,Unit 2,1036.76,457.94,2970.75,87.19
2025-03-30,Unit 3,898.88,464.32,3009.29,88.1
2025-03-31,Unit 1,1002.83,460.11,3001.9,88.74
2025-03-31,Unit 2,945.49,457.3,2970.95,87.32
2025-03-31,Unit 3,1054.25,454.56,2944.72,87.35
2025-04-01,Unit 1,877.23,455.76,2934.92,88.15
2025-04-01,Unit 2,854.29,458.72,2970.35,87.74
2025-04-01,Unit 3,988.16,445.25,2904.5,87.81
2025-04-02,Unit 1,945.28,450.86,2879.44,86.92
2025-04-02,Unit 2,961.08,457.83,2968.06,87.05
2025-04-02,Unit 3,984.01,458.47,2948.0,87.97
2025-04-03,Unit 1,1006.17,449.93,2916.69,88.52
2025-04-03,Unit 2,979.54,452.36,2931.38,88.12
2025-04-03,Unit 3,1004.09,451.4,2944.45,87.78
2025-04-04,Unit 1,1002.93,456.13,2953.05,88.16
2025-04-04,Unit 2,967.38,448.8,2941.99,87.69
2025-04-04,Unit 3,987.56,448.81,2942.03,87.68
2025-04-05,Unit 1,858.36,455.67,2942.39,88.25
2025-04-05,Unit 2,1069.5,459.29,2968.54,87.76
2025-04-05,Unit 3,993.41,455.13,2937.34,88.37
2025-04-06,Unit 1,1069.3,450.97,2922.84,87.11
2025-04-06,Unit 2,885.4,452.74,2951.08,88.29
2025-04-06,Unit 3,1045.55,448.84,2915.14,88.16
2025-04-07,Unit 1,1077.0,450.39,2932.15,87.36
2025-04-07,Unit 2,1077.93,461.37,2982.83,88.45
2025-04-07,Unit 3,931.15,454.02,2941.99,87.42
2025-04-08,Unit 1,867.25,457.57,2967.24,88.03
2025-04-08,Unit 2,1024.26,451.77,2917.72,87.93
2025-04-08,Unit 3,1045.78,456.7,2951.89,88.42
2025-04-09,Unit 1,937.23,449.64,2926.05,88.07
2025-04-09,Unit 2,953.8,462.38,2981.75,87.9
2025-04-09,Unit 3,877.1,445.0,2917.37,87.6
2025-04-10,Unit 1,1066.3,457.18,2950.3,87.23
2025-04-10,Unit 2,928.85,448.0,2881.13,87.4
2025-04-10,Unit 3,877.05,456.89,2953.52,87.64
2025-04-11,Unit 1,975.52,457.88,2962.99,88.05
2025-04-11,Unit 2,922.02,456.51,2982.27,88.44
2025-04-11,Unit 3,928.56,458.06,2960.8,87.07
2025-04-12,Unit 1,1055.78,458.45,2951.09,87.26
2025-04-12,Unit 2,878.15,449.44,2936.59,86.62
2025-04-12,Unit 3,1097.05,452.2,2928.98,87.46
2025-04-13,Unit 1,1037.91,457.01,2931.08,87.39
2025-04-13,Unit 2,1015.19,452.84,2927.11,86.99
2025-04-13,Unit 3,1070.73,449.38,2917.19,88.17
2025-04-14,Unit 1,1059.2,454.12,2933.1,87.84
2025-04-14,Unit 2,991.98,463.51,2987.06,88.7
2025-04-14,Unit 3,1083.96,455.27,2959.67,89.26
2025-04-15,Unit 1,1044.31,459.46,2996.67,88.35
2025-04-15,Unit 2,834.71,447.27,2899.22,88.23
2025-04-15,Unit 3,1074.44,452.87,2936.57,87.61
2025-04-16,Unit 1,1103.92,460.33,2982.45,88.57
2025-04-16,Unit 2,1033.21,458.09,2971.04,88.46
2025-04-16,Unit 3,846.1,451.33,2932.93,87.67
2025-04-17,Unit 1,1054.81,453.37,2955.08,88.23
2025-04-17,Unit 2,910.15,452.54,2905.44,88.33
2025-04-17,Unit 3,841.21,445.02,2919.26,88.0
2025-04-18,Unit 1,799.11,450.64,2916.35,88.01
2025-04-18,Unit 2,862.66,462.18,3007.56,87.78
2025-04-18,Unit 3,904.33,451.35,2947.02,88.08
2025-04-19,Unit 1,904.55,448.92,2944.93,88.45
2025-04-19,Unit 2,887.18,454.77,2941.14,88.32
2025-04-19,Unit 3,994.87,455.23,2962.69,86.74
2025-04-20,Unit 1,910.87,445.92,2877.69,86.99
2025-04-20,Unit 2,932.56,452.05,2957.04,88.88
2025-04-20,Unit 3,835.08,459.73,2976.85,88.42
2025-04-21,Unit 1,889.45,450.32,2947.19,86.87
2025-04-21,Unit 2,794.67,445.72,2912.55,87.19
2025-04-21,Unit 3,882.88,455.36,2964.41,87.59
2025-04-22,Unit 1,929.95,450.64,2924.68,88.28
2025-04-22,Unit 2,949.26,457.55,2981.35,88.14
2025-04-22,Unit 3,879.28,462.1,3006.5,88.13
2025-04-23,Unit 1,794.78,452.37,2924.41,87.43
2025-04-23,Unit 2,954.76,451.36,2940.91,88.11
2025-04-23,Unit 3,1002.05,457.67,2975.14,88.47
2025-04-24,Unit 1,1025.12,460.96,2940.17,87.61
2025-04-24,Unit 2,1011.23,461.47,2961.27,89.39
2025-04-24,Unit 3,875.04,446.12,2896.64,88.45
2025-04-25,Unit 1,1052.31,444.94,2907.26,86.3
2025-04-25,Unit 2,904.44,450.6,2950.48,88.91
2025-04-25,Unit 3,955.83,451.85,2939.23,88.67
2025-04-26,Unit 1,942.71,451.97,2937.28,87.58
2025-04-26,Unit 2,917.81,451.26,2934.37,87.18
2025-04-26,Unit 3,915.51,453.94,2919.07,88.29
2025-04-27,Unit 1,959.74,450.77,2916.6,87.16
2025-04-27,Unit 2,1080.61,445.32,2920.17,87.56
2025-04-27,Unit 3,1076.54,452.86,2944.33,87.66
2025-04-28,Unit 1,796.71,444.92,2892.92,87.26
2025-04-28,Unit 2,964.89,447.68,2894.73,88.8
2025-04-28,Unit 3,974.87,451.84,2931.35,87.83
2025-04-29,Unit 1,982.54,458.92,2961.11,88.05
2025-04-29,Unit 2,1027.11,461.31,2996.41,87.43
2025-04-29,Unit 3,965.84,450.89,2942.14,88.49
2025-04-30,Unit 1,1115.88,459.85,2948.14,88.22
2025-04-30,Unit 2,1093.69,456.13,2932.38,88.34
2025-04-30,Unit 3,934.79,454.42,2945.75,87.88
2025-05-01,Unit 1,858.22,461.91,2981.83,87.74
2025-05-01,Unit 2,1098.41,460.51,2959.54,86.41
2025-05-01,Unit 3,1061.98,460.09,2969.92,86.99
2025-05-02,Unit 1,999.44,461.45,2968.4,88.26
2025-05-02,Unit 2,897.72,452.64,2949.63,87.31
2025-05-02,Unit 3,1040.23,455.69,2964.0,88.47
2025-05-03,Unit 1,939.54,457.07,2975.7,87.63
2025-05-03,Unit 2,990.31,455.37,2942.61,87.05
2025-05-03,Unit 3,1008.66,451.68,2947.05,88.08
2025-05-04,Unit 1,1003.88,452.03,2932.67,87.93
2025-05-04,Unit 2,891.4,457.37,2962.38,86.62
2025-05-04,Unit 3,1035.76,449.95,2918.99,87.73
2025-05-05,Unit 1,1004.15,455.57,2974.39,88.63
2025-05-05,Unit 2,1079.95,459.48,2980.5,87.93
2025-05-05,Unit 3,1089.66,456.48,2968.2,87.86
2025-05-06,Unit 1,1073.07,446.51,2887.82,87.57
2025-05-06,Unit 2,913.89,452.75,2915.64,87.95
2025-05-06,Unit 3,971.9,458.34,2952.18,88.28
2025-05-07,Unit 1,1020.21,462.31,3000.78,87.95
2025-05-07,Unit 2,847.07,454.97,2916.92,87.7
2025-05-07,Unit 3,1008.15,457.32,2982.52,88.23
2025-05-08,Unit 1,956.95,450.61,2922.93,87.65
2025-05-08,Unit 2,957.97,449.01,2910.82,88.36
2025-05-08,Unit 3,985.5,452.25,2935.78,87.74
2025-05-09,Unit 1,1086.63,461.68,2984.33,88.03
2025-05-09,Unit 2,1057.74,445.69,2897.27,88.35
2025-05-09,Unit 3,1037.94,456.88,2950.7,87.43
2025-05-10,Unit 1,1033.43,449.16,2940.5,87.88
2025-05-10,Unit 2,1006.26,461.32,2969.08,88.15
2025-05-10,Unit 3,964.1,461.44,2973.86,88.6
2025-05-11,Unit 1,935.34,455.67,2971.09,87.28
2025-05-11,Unit 2,986.24,460.13,3011.53,88.03
2025-05-11,Unit 3,961.96,456.14,2957.5,87.4
2025-05-12,Unit 1,961.72,450.83,2901.37,88.27
2025-05-12,Unit 2,915.23,452.34,2919.42,86.1
2025-05-12,Unit 3,923.91,456.54,2933.45,87.98
2025-05-13,Unit 1,975.15,454.5,2963.49,87.61
2025-05-13,Unit 2,948.7,450.58,2914.14,87.12
2025-05-13,Unit 3,988.71,455.99,2964.92,87.21
2025-05-14,Unit 1,990.21,463.31,2986.12,87.83
2025-05-14,Unit 2,979.49,458.0,2962.31,87.9
2025-05-14,Unit 3,1002.76,455.71,2963.3,88.29
2025-05-15,Unit 1,857.31,457.53,2967.04,88.8
2025-05-15,Unit 2,883.48,457.62,2951.73,87.22
2025-05-15,Unit 3,1081.71,455.13,2927.6,88.12
2025-05-16,Unit 1,1087.32,454.77,2958.12,88.78
2025-05-16,Unit 2,1023.01,456.81,2958.15,88.48
2025-05-16,Unit 3,979.58,453.17,2941.06,88.09
2025-05-17,Unit 1,1099.25,462.24,2977.23,87.51
2025-05-17,Unit 2,1036.99,461.96,2983.32,87.14
2025-05-17,Unit 3,884.02,453.95,2940.15,88.24
2025-05-18,Unit 1,1073.91,457.15,2979.26,88.0
2025-05-18,Unit 2,876.86,457.63,2980.2,87.45
2025-05-18,Unit 3,1041.28,457.41,2950.14,88.21
2025-05-19,Unit 1,1014.03,463.83,3022.18,88.05
2025-05-19,Unit 2,1007.33,455.13,2972.17,87.59
2025-05-19,Unit 3,1088.38,453.79,2946.4,89.12
2025-05-20,Unit 1,1099.92,463.57,2986.96,87.43
2025-05-20,Unit 2,1099.78,455.92,2965.44,87.6
2025-05-20,Unit 3,953.47,456.61,2959.22,87.9
2025-05-21,Unit 1,859.59,461.18,2984.82,87.43
2025-05-21,Unit 2,992.33,456.31,2948.04,87.13
2025-05-21,Unit 3,1065.71,451.56,2924.0,87.06
2025-05-22,Unit 1,964.81,451.41,2935.39,87.58
2025-05-22,Unit 2,932.33,457.05,2964.18,87.98
2025-05-22,Unit 3,988.27,454.91,2937.5,88.13
2025-05-23,Unit 1,1034.7,456.25,2939.78,87.74
2025-05-23,Unit 2,934.15,455.55,2980.65,88.39
2025-05-23,Unit 3,1050.6,447.03,2916.22,87.34
2025-05-24,Unit 1,966.79,459.92,2958.85,87.69
2025-05-24,Unit 2,1047.78,448.89,2918.74,88.09
2025-05-24,Unit 3,1106.03,459.82,2967.14,86.96
2025-05-25,Unit 1,1093.82,450.8,2923.38,88.91
2025-05-25,Unit 2,961.51,451.99,2933.94,87.94
2025-05-25,Unit 3,782.15,451.43,2927.31,87.87
2025-05-26,Unit 1,1009.77,453.21,2938.34,88.12
2025-05-26,Unit 2,1107.75,463.9,3018.89,88.58
2025-05-26,Unit 3,1084.75,448.9,2917.52,88.14
2025-05-27,Unit 1,1111.9,462.18,2998.54,88.5
2025-05-27,Unit 2,929.09,458.69,2987.89,88.13
2025-05-27,Unit 3,1065.81,456.9,2946.84,88.13
2025-05-28,Unit 1,978.49,456.62,2957.71,88.57
2025-05-28,Unit 2,837.51,456.55,2959.14,86.97
2025-05-28,Unit 3,920.92,458.12,2944.83,86.47
2025-05-29,Unit 1,961.28,460.42,2976.28,87.47
2025-05-29,Unit 2,999.88,452.2,2932.71,88.26
2025-05-29,Unit 3,917.14,458.76,2974.94,87.66
2025-05-30,Unit 1,924.9,450.32,2938.86,87.89
2025-05-30,Unit 2,1085.25,455.35,2929.52,87.87
2025-05-30,Unit 3,931.41,454.9,2955.56,87.25
2025-05-31,Unit 1,939.9,459.83,2977.53,87.19
2025-05-31,Unit 2,1070.92,455.24,2931.13,88.32
2025-05-31,Unit 3,806.68,458.35,2969.04,88.11
2025-06-01,Unit 1,841.22,445.06,2902.24,87.37
2025-06-01,Unit 2,1114.59,462.04,2969.25,87.7
2025-06-01,Unit 3,1025.28,448.19,2913.83,88.56
2025-06-02,Unit 1,1122.23,465.44,2991.82,88.21
2025-06-02,Unit 2,953.0,459.34,2957.84,87.92
2025-06-02,Unit 3,872.63,451.42,2945.55,88.48
2025-06-03,Unit 1,914.38,459.92,2971.73,87.68
2025-06-03,Unit 2,1040.21,455.55,2961.42,87.72
2025-06-03,Unit 3,1084.11,453.54,2943.93,87.78
2025-06-04,Unit 1,980.5,453.78,2913.42,89.07
2025-06-04,Unit 2,910.54,453.39,2943.95,87.73
2025-06-04,Unit 3,888.0,453.29,2894.96,87.88
2025-06-05,Unit 1,988.42,456.57,2949.81,87.98
2025-06-05,Unit 2,869.08,457.86,2949.37,87.95
2025-06-05,Unit 3,874.4,453.58,2908.08,88.27
2025-06-06,Unit 1,852.43,451.94,2945.64,87.41
2025-06-06,Unit 2,789.86,450.0,2932.28,86.63
2025-06-06,Unit 3,794.51,446.07,2894.29,88.19
2025-06-07,Unit 1,901.6,462.56,3007.68,87.71
2025-06-07,Unit 2,892.8,449.69,2916.42,87.6
2025-06-07,Unit 3,1000.13,458.27,2969.56,88.85
2025-06-08,Unit 1,946.8,452.43,2921.06,88.16
2025-06-08,Unit 2,981.43,461.51,2987.35,87.51
2025-06-08,Unit 3,1011.21,451.41,2944.3,87.79
2025-06-09,Unit 1,1042.07,458.68,2941.96,87.61
2025-06-09,Unit 2,922.68,473.04,3036.47,87.27
2025-06-09,Unit 3,922.32,457.12,2962.41,88.1
2025-06-10,Unit 1,1008.37,454.96,2924.46,87.13
2025-06-10,Unit 2,1052.67,457.51,2955.09,87.11
2025-06-10,Unit 3,1008.42,459.42,2988.06,87.57
2025-06-11,Unit 1,1066.08,455.92,2964.41,88.33
2025-06-11,Unit 2,975.96,458.53,2982.19,88.08
2025-06-11,Unit 3,945.37,453.64,2922.32,88.57
2025-06-12,Unit 1,954.9,456.89,2948.52,87.81
2025-06-12,Unit 2,872.4,453.25,2927.44,88.67
2025-06-12,Unit 3,965.91,446.01,2931.49,87.73
2025-06-13,Unit 1,1028.58,464.98,2968.39,88.21
2025-06-13,Unit 2,975.28,453.77,2937.48,87.53
2025-06-13,Unit 3,817.67,452.09,2959.42,88.24
2025-06-14,Unit 1,930.48,453.05,2933.16,87.91
2025-06-14,Unit 2,836.51,452.23,2943.51,88.39
2025-06-14,Unit 3,1011.19,448.65,2931.99,89.03
2025-06-15,Unit 1,1021.44,445.64,2920.53,87.92
2025-06-15,Unit 2,1040.94,449.85,2917.74,87.81
2025-06-15,Unit 3,828.72,454.18,2949.95,88.03
2025-06-16,Unit 1,920.75,448.84,2899.13,87.78
2025-06-16,Unit 2,917.79,457.8,2969.75,88.21
2025-06-16,Unit 3,896.63,451.11,2930.54,87.49
2025-06-17,Unit 1,909.72,455.53,2932.99,87.33
2025-06-17,Unit 2,969.12,466.14,3018.37,88.36
2025-06-17,Unit 3,866.44,453.54,2935.02,87.34
2025-06-18,Unit 1,895.1,450.75,2937.59,88.2
2025-06-18,Unit 2,949.36,452.5,2930.81,87.47
2025-06-18,Unit 3,1027.26,452.76,2937.24,88.39
2025-06-19,Unit 1,1018.02,452.68,2942.48,86.56
2025-06-19,Unit 2,962.69,449.3,2926.13,87.04
2025-06-19,Unit 3,936.97,454.73,2951.95,87.53
2025-06-20,Unit 1,1013.4,443.67,2878.53,87.3
2025-06-20,Unit 2,881.05,453.28,2969.89,86.59
2025-06-20,Unit 3,780.12,453.23,2946.46,89.01
2025-06-21,Unit 1,909.14,446.24,2899.75,88.05
2025-06-21,Unit 2,1052.19,458.59,2946.99,88.52
2025-06-21,Unit 3,1005.82,454.86,2940.28,86.86
2025-06-22,Unit 1,902.41,448.64,2927.68,89.33
2025-06-22,Unit 2,1029.12,451.96,2932.39,88.2
2025-06-22,Unit 3,932.94,455.32,2956.89,88.11
2025-06-23,Unit 1,1117.15,459.23,2946.68,87.42
2025-06-23,Unit 2,955.61,456.16,2946.06,88.3
2025-06-23,Unit 3,893.29,447.99,2911.98,86.83
2025-06-24,Unit 1,1091.31,453.33,2960.37,88.39
2025-06-24,Unit 2,885.59,456.3,2980.18,87.55
2025-06-24,Unit 3,996.87,463.89,3027.79,88.78
2025-06-25,Unit 1,1011.04,451.88,2949.39,87.26
2025-06-25,Unit 2,998.08,451.7,2939.64,88.01
2025-06-25,Unit 3,1090.39,453.58,2932.55,87.83
2025-06-26,Unit 1,934.59,446.42,2890.66,87.76
2025-06-26,Unit 2,1002.85,444.2,2882.35,88.81
2025-06-26,Unit 3,1043.57,449.39,2923.5,87.89
2025-06-27,Unit 1,993.23,463.2,3000.66,87.26
2025-06-27,Unit 2,867.27,451.98,2932.13,86.71
2025-06-27,Unit 3,976.21,460.1,2983.02,88.19
2025-06-28,Unit 1,856.16,457.38,2951.44,87.23
2025-06-28,Unit 2,947.75,460.58,2976.35,87.51
2025-06-28,Unit 3,1109.58,458.47,2967.18,88.75
2025-06-29,Unit 1,1011.37,455.3,2948.94,88.78
2025-06-29,Unit 2,975.93,459.39,2936.17,88.25
2025-06-29,Unit 3,1018.62,464.21,3002.5,87.03
2025-06-30,Unit 1,810.02,457.47,2946.57,86.28
2025-06-30,Unit 2,951.2,450.05,2932.8,88.18
2025-06-30,Unit 3,859.38,454.23,2962.92,87.81
2025-07-01,Unit 1,971.9,458.12,2976.47,88.67
2025-07-01,Unit 2,966.21,469.3,3024.94,87.49
2025-07-01,Unit 3,1038.77,452.6,2952.91,87.74
2025-07-02,Unit 1,1005.04,450.4,2908.75,87.79
2025-07-02,Unit 2,908.06,443.87,2906.94,89.02
2025-07-02,Unit 3,937.7,463.49,2995.79,88.1
2025-07-03,Unit 1,957.55,447.17,2942.37,87.69
2025-07-03,Unit 2,1028.91,456.18,2939.33,87.08
2025-07-03,Unit 3,992.55,450.3,2931.29,87.92
2025-07-04,Unit 1,1038.06,448.89,2907.18,87.81
2025-07-04,Unit 2,1065.78,456.45,2943.38,88.4
2025-07-04,Unit 3,972.78,459.48,2960.16,88.36
2025-07-05,Unit 1,1046.94,444.92,2892.3,86.94
2025-07-05,Unit 2,1094.47,474.3,3026.71,87.81
2025-07-05,Unit 3,1006.01,452.87,2930.9,86.9
2025-07-06,Unit 1,993.05,462.32,2990.9,87.88
2025-07-06,Unit 2,927.12,452.67,2908.04,88.13
2025-07-06,Unit 3,1092.58,457.35,2963.66,87.59
2025-07-07,Unit 1,918.71,449.47,2937.31,87.47
2025-07-07,Unit 2,825.44,455.31,2954.68,87.46
2025-07-07,Unit 3,1098.09,459.04,2971.02,88.12
2025-07-08,Unit 1,878.3,457.33,2976.17,87.39
2025-07-08,Unit 2,840.07,466.86,3003.45,87.91
2025-07-08,Unit 3,931.92,457.43,2974.88,87.04
2025-07-09,Unit 1,1109.83,462.29,2989.81,87.48
2025-07-09,Unit 2,1028.93,457.31,2950.86,88.09
2025-07-09,Unit 3,984.74,449.14,2909.85,87.49
2025-07-10,Unit 1,1062.45,462.83,2997.64,87.61
2025-07-10,Unit 2,987.0,458.17,2961.92,87.93
2025-07-10,Unit 3,1086.8,470.62,3020.05,87.67
2025-07-11,Unit 1,810.04,458.1,2969.58,87.26
2025-07-11,Unit 2,876.92,461.51,2973.58,87.48
2025-07-11,Unit 3,1096.36,457.87,2954.64,88.11
2025-07-12,Unit 1,987.12,457.38,2959.76,86.79
2025-07-12,Unit 2,1063.38,463.88,3009.74,87.48
2025-07-12,Unit 3,748.47,443.75,2855.32,87.74
2025-07-13,Unit 1,1026.47,467.02,3012.67,86.26
2025-07-13,Unit 2,935.56,456.3,2964.98,87.8
2025-07-13,Unit 3,976.15,448.12,2920.48,87.87
2025-07-14,Unit 1,1057.47,447.32,2919.01,88.3
2025-07-14,Unit 2,952.41,460.57,2985.8,88.31
2025-07-14,Unit 3,971.73,452.3,2957.03,87.88
2025-07-15,Unit 1,997.47,450.72,2953.41,88.17
2025-07-15,Unit 2,1016.73,458.86,2957.34,87.82
2025-07-15,Unit 3,1014.67,453.86,2961.61,87.07
2025-07-16,Unit 1,915.97,455.28,2933.73,87.94
2025-07-16,Unit 2,1025.83,460.92,2955.06,88.38
2025-07-16,Unit 3,957.35,448.85,2908.4,87.49
2025-07-17,Unit 1,861.63,456.51,2990.57,87.59
2025-07-17,Unit 2,998.8,459.7,2968.07,88.31
2025-07-17,Unit 3,1040.51,461.32,2976.12,89.23
2025-07-18,Unit 1,827.58,454.88,2952.54,88.38
2025-07-18,Unit 2,969.27,457.68,2963.28,87.67
2025-07-18,Unit 3,899.28,451.51,2914.35,87.59
2025-07-19,Unit 1,1084.31,454.21,2972.6,87.88
2025-07-19,Unit 2,883.84,455.7,2954.24,88.4
2025-07-19,Unit 3,1091.06,451.9,2934.8,88.02
2025-07-20,Unit 1,866.0,449.29,2941.57,88.22
2025-07-20,Unit 2,1038.01,451.86,2934.32,88.51
2025-07-20,Unit 3,916.21,456.6,2949.12,87.32
2025-07-21,Unit 1,1056.76,457.85,2945.47,86.88
2025-07-21,Unit 2,1080.4,452.47,2931.64,87.01
2025-07-21,Unit 3,1007.97,454.14,2919.74,88.97
2025-07-22,Unit 1,1089.51,454.51,2946.95,86.66
2025-07-22,Unit 2,800.73,448.96,2921.14,88.38
2025-07-22,Unit 3,1094.75,453.94,2920.62,87.24
2025-07-23,Unit 1,1086.88,452.8,2941.91,88.38
2025-07-23,Unit 2,899.7,449.1,2932.38,87.13
2025-07-23,Unit 3,1094.91,460.3,2982.38,87.56
2025-07-24,Unit 1,977.28,457.22,2970.53,88.47
2025-07-24,Unit 2,899.09,460.2,2985.65,87.89
2025-07-24,Unit 3,980.03,462.2,2983.36,86.63
2025-07-25,Unit 1,961.56,448.7,2913.31,87.45
2025-07-25,Unit 2,951.85,455.73,2952.61,87.82
2025-07-25,Unit 3,983.2,457.58,2977.26,87.74
2025-07-26,Unit 1,923.99,465.43,3007.38,87.96
2025-07-26,Unit 2,1015.8,451.48,2944.01,88.17
2025-07-26,Unit 3,961.1,461.31,2971.98,88.54
2025-07-27,Unit 1,875.12,456.32,2951.41,87.9
2025-07-27,Unit 2,865.58,453.96,2955.72,88.31
2025-07-27,Unit 3,983.24,456.3,2961.59,86.9
2025-07-28,Unit 1,1057.85,452.94,2939.35,86.95
2025-07-28,Unit 2,1078.37,461.46,2984.06,87.03
2025-07-28,Unit 3,1054.11,458.25,2965.01,87.98
2025-07-29,Unit 1,1058.7,458.38,2993.68,88.06
2025-07-29,Unit 2,953.39,458.33,2971.4,87.44
2025-07-29,Unit 3,1072.11,452.22,2959.11,88.53
2025-07-30,Unit 1,821.53,458.26,2932.52,88.0
2025-07-30,Unit 2,977.41,459.52,2962.13,87.87
2025-07-30,Unit 3,934.08,453.1,2948.48,87.4
2025-07-31,Unit 1,1020.42,458.57,2956.28,87.07
2025-07-31,Unit 2,986.35,449.84,2941.97,87.04
2025-07-31,Unit 3,972.45,457.03,2969.63,88.33
2025-08-01,Unit 1,886.24,453.98,2964.5,86.85
2025-08-01,Unit 2,895.97,451.04,2943.63,86.76
2025-08-01,Unit 3,967.09,450.76,2934.39,88.45
2025-08-02,Unit 1,1082.43,462.13,2982.95,88.19
2025-08-02,Unit 2,934.65,458.83,2964.99,87.05
2025-08-02,Unit 3,1011.13,464.97,3009.13,88.03
2025-08-03,Unit 1,1084.55,457.72,2969.24,87.55
2025-08-03,Unit 2,943.93,453.85,2913.75,87.05
2025-08-03,Unit 3,1023.35,446.93,2917.04,87.2
2025-08-04,Unit 1,1019.39,457.14,2973.36,87.43
2025-08-04,Unit 2,857.15,460.23,2944.28,87.99
2025-08-04,Unit 3,956.79,453.44,2963.16,87.56
2025-08-05,Unit 1,957.75,456.02,2931.42,87.45
2025-08-05,Unit 2,1041.49,462.49,2992.66,87.39
2025-08-05,Unit 3,1034.48,453.04,2936.04,88.09
2025-08-06,Unit 1,940.95,458.94,2962.21,87.95
2025-08-06,Unit 2,1104.64,455.39,2928.36,87.85
2025-08-06,Unit 3,999.07,445.66,2886.64,87.22
2025-08-07,Unit 1,1103.65,455.74,2946.22,86.25
2025-08-07,Unit 2,891.59,450.2,2930.32,88.94
2025-08-07,Unit 3,1072.2,452.05,2950.82,88.12
2025-08-08,Unit 1,1008.9,464.04,3020.44,87.27
2025-08-08,Unit 2,980.24,450.75,2903.11,87.56
2025-08-08,Unit 3,831.73,454.72,2962.01,87.34
2025-08-09,Unit 1,943.21,449.77,2948.87,88.45
2025-08-09,Unit 2,951.3,450.22,2925.77,87.3
2025-08-09,Unit 3,940.13,455.36,2952.86,88.77
2025-08-10,Unit 1,983.92,446.07,2881.42,87.68
2025-08-10,Unit 2,986.06,448.43,2936.35,86.45
2025-08-10,Unit 3,992.12,454.87,2949.35,88.14
2025-08-11,Unit 1,889.86,454.69,2978.33,88.9
2025-08-11,Unit 2,900.81,449.4,2928.61,87.35
2025-08-11,Unit 3,878.23,452.46,2927.78,87.46
2025-08-12,Unit 1,857.39,451.72,2939.61,88.3
2025-08-12,Unit 2,1023.82,455.36,2953.76,87.84
2025-08-12,Unit 3,1030.73,455.98,2961.34,87.81
2025-08-13,Unit 1,966.9,448.66,2900.42,87.81
2025-08-13,Unit 2,990.18,452.65,2932.26,87.8
2025-08-13,Unit 3,1017.07,451.26,2937.19,86.81
2025-08-14,Unit 1,1095.37,455.2,2937.27,87.51
2025-08-14,Unit 2,823.68,456.02,2934.46,87.13
2025-08-14,Unit 3,981.37,456.17,2979.72,88.0
2025-08-15,Unit 1,1094.81,457.92,2937.71,88.45
2025-08-15,Unit 2,826.44,452.85,2924.29,86.75
2025-08-15,Unit 3,992.77,448.35,2919.69,88.12
2025-08-16,Unit 1,939.27,454.82,2947.47,87.23
2025-08-16,Unit 2,1020.89,449.33,2936.78,88.65
2025-08-16,Unit 3,921.16,461.81,2982.43,87.39
2025-08-17,Unit 1,955.26,455.85,2951.84,88.12
2025-08-17,Unit 2,1009.65,464.93,3006.24,88.0
2025-08-17,Unit 3,1069.95,456.18,2950.9,87.99
2025-08-18,Unit 1,950.66,452.35,2921.34,88.66
2025-08-18,Unit 2,954.79,459.04,2959.63,86.88
2025-08-18,Unit 3,1010.27,449.82,2914.9,88.14
2025-08-19,Unit 1,989.15,457.81,2962.09,87.33
2025-08-19,Unit 2,830.97,461.15,2976.87,87.82
2025-08-19,Unit 3,920.44,457.87,2945.39,87.83
2025-08-20,Unit 1,1052.21,455.02,2980.68,87.48
2025-08-20,Unit 2,1049.13,456.65,2979.13,87.82
2025-08-20,Unit 3,880.66,444.76,2912.88,88.65
2025-08-21,Unit 1,946.96,459.8,2976.91,88.59
2025-08-21,Unit 2,965.85,450.9,2921.59,88.61
2025-08-21,Unit 3,747.02,442.57,2908.36,87.36
2025-08-22,Unit 1,1066.91,457.94,2960.4,87.18
2025-08-22,Unit 2,900.96,456.97,2977.67,86.67
2025-08-22,Unit 3,945.0,459.04,2973.22,87.86
2025-08-23,Unit 1,946.82,460.58,2968.93,86.93
2025-08-23,Unit 2,1054.46,449.24,2937.8,88.5
2025-08-23,Unit 3,1025.09,459.36,2965.61,87.85
2025-08-24,Unit 1,974.49,469.05,3020.09,87.13
2025-08-24,Unit 2,982.44,457.38,2952.48,88.57
2025-08-24,Unit 3,960.94,454.09,2955.93,87.42
2025-08-25,Unit 1,995.8,461.79,2990.51,88.04
2025-08-25,Unit 2,991.13,450.79,2940.26,87.78
2025-08-25,Unit 3,973.07,453.82,2950.61,86.6
2025-08-26,Unit 1,996.43,457.4,2946.2,87.76
2025-08-26,Unit 2,984.85,456.05,2971.36,88.43
2025-08-26,Unit 3,1067.58,459.08,2958.04,87.16
2025-08-27,Unit 1,906.17,459.43,2980.51,87.85
2025-08-27,Unit 2,878.1,452.24,2942.59,88.41
2025-08-27,Unit 3,955.64,460.99,2996.89,88.68
2025-08-28,Unit 1,934.21,456.43,2934.51,87.4
2025-08-28,Unit 2,1071.29,449.89,2924.07,89.25
2025-08-28,Unit 3,983.57,455.05,2933.39,87.86
2025-08-29,Unit 1,1019.44,454.4,2959.69,87.59
2025-08-29,Unit 2,1043.08,459.26,2962.01,87.27
2025-08-29,Unit 3,1088.2,451.38,2946.68,87.66
2025-08-30,Unit 1,931.29,450.85,2921.76,87.96
2025-08-30,Unit 2,867.9,454.82,2944.84,87.46
2025-08-30,Unit 3,992.85,456.94,2962.62,87.68
2025-08-31,Unit 1,1022.14,457.53,2970.3,86.85
2025-08-31,Unit 2,910.98,454.61,2931.88,87.91
2025-08-31,Unit 3,1007.55,452.64,2930.1,88.34
2025-09-01,Unit 1,1053.42,443.02,2900.69,88.01
2025-09-01,Unit 2,945.91,449.73,2931.03,87.16
2025-09-01,Unit 3,927.28,460.25,2973.45,88.19
2025-09-02,Unit 1,974.65,449.52,2909.13,87.37
2025-09-02,Unit 2,954.6,451.55,2926.06,87.46
2025-09-02,Unit 3,1090.23,450.52,2946.68,87.69
2025-09-03,Unit 1,891.06,447.24,2916.37,87.96
2025-09-03,Unit 2,1012.17,452.32,2946.29,87.19
2025-09-03,Unit 3,1079.55,453.3,2896.47,88.23
2025-09-04,Unit 1,893.16,457.53,2954.23,86.94
2025-09-04,Unit 2,1106.15,460.57,2983.81,87.9
2025-09-04,Unit 3,911.94,453.78,2958.83,87.95
2025-09-05,Unit 1,902.56,459.47,2962.44,87.96
2025-09-05,Unit 2,874.14,455.23,2958.29,87.94
2025-09-05,Unit 3,1050.38,455.44,2950.34,87.43
2025-09-06,Unit 1,1042.28,441.75,2852.74,87.85
2025-09-06,Unit 2,925.83,446.15,2922.29,87.57
2025-09-06,Unit 3,970.89,450.01,2945.63,87.89
2025-09-07,Unit 1,970.95,454.29,2955.82,87.09
2025-09-07,Unit 2,888.88,457.76,2964.66,87.14
2025-09-07,Unit 3,922.33,452.52,2948.45,87.51
2025-09-08,Unit 1,1031.1,446.78,2899.05,88.4
2025-09-08,Unit 2,893.8,445.17,2897.16,88.0
2025-09-08,Unit 3,1118.86,463.61,2995.53,87.81
2025-09-09,Unit 1,905.98,456.97,2966.94,88.68
2025-09-09,Unit 2,968.94,451.51,2904.08,87.6
2025-09-09,Unit 3,813.43,449.71,2928.42,88.08
2025-09-10,Unit 1,771.59,445.24,2899.36,88.68
2025-09-10,Unit 2,1109.18,461.36,2972.23,88.01
2025-09-10,Unit 3,1071.69,452.86,2926.97,87.78
2025-09-11,Unit 1,936.35,450.86,2943.79,87.34
2025-09-11,Unit 2,1035.79,456.59,2965.63,88.76
2025-09-11,Unit 3,1025.19,459.11,2980.0,88.26
2025-09-12,Unit 1,998.89,452.91,2955.83,87.6
2025-09-12,Unit 2,941.43,467.93,3012.89,87.28
2025-09-12,Unit 3,968.22,458.56,2955.64,87.09
2025-09-13,Unit 1,752.28,444.9,2912.41,88.29
2025-09-13,Unit 2,888.03,454.78,2940.02,88.0
2025-09-13,Unit 3,947.8,460.94,2997.26,86.81
2025-09-14,Unit 1,1044.5,459.7,2982.49,87.87
2025-09-14,Unit 2,1052.59,450.97,2918.66,88.14
2025-09-14,Unit 3,1017.6,462.28,2978.69,87.79
2025-09-15,Unit 1,972.59,463.55,2987.98,88.16
2025-09-15,Unit 2,911.79,458.45,2964.42,88.31
2025-09-15,Unit 3,804.0,451.07,2936.54,87.24
2025-09-16,Unit 1,997.8,454.04,2946.11,87.99
2025-09-16,Unit 2,1100.15,455.66,2942.6,87.38
2025-09-16,Unit 3,946.45,459.09,2973.22,87.83
2025-09-17,Unit 1,942.43,445.96,2884.23,88.22
2025-09-17,Unit 2,1088.8,453.05,2938.08,87.23
2025-09-17,Unit 3,955.75,448.41,2907.55,87.68
2025-09-18,Unit 1,980.44,451.62,2918.54,86.62
2025-09-18,Unit 2,960.29,454.42,2928.77,86.52
2025-09-18,Unit 3,1011.16,468.04,2988.27,86.59
2025-09-19,Unit 1,846.29,461.51,2996.84,88.27
2025-09-19,Unit 2,921.96,455.28,2943.31,88.08
2025-09-19,Unit 3,992.4,457.45,2949.02,87.85
2025-09-20,Unit 1,1097.01,455.57,2974.18,87.73
2025-09-20,Unit 2,1075.28,446.45,2890.11,87.27
2025-09-20,Unit 3,1035.51,453.41,2959.27,88.53
2025-09-21,Unit 1,966.95,456.05,2946.65,87.86
2025-09-21,Unit 2,1087.12,451.31,2934.17,87.51
2025-09-21,Unit 3,996.43,449.44,2934.12,88.17
2025-09-22,Unit 1,1047.97,464.73,3009.55,87.21
2025-09-22,Unit 2,995.2,457.09,2948.05,87.9
2025-09-22,Unit 3,914.15,456.78,2967.24,87.97
2025-09-23,Unit 1,948.27,450.31,2897.05,87.61
2025-09-23,Unit 2,1098.71,453.22,2910.94,87.39
2025-09-23,Unit 3,1080.84,459.24,2982.4,87.41
2025-09-24,Unit 1,1055.61,456.99,2969.59,89.05
2025-09-24,Unit 2,1112.94,463.42,3001.28,86.86
2025-09-24,Unit 3,890.84,454.53,2969.91,86.57
2025-09-25,Unit 1,1104.52,460.75,2988.3,87.6
2025-09-25,Unit 2,931.53,453.27,2951.29,86.94
2025-09-25,Unit 3,1040.18,457.27,2942.96,86.38
2025-09-26,Unit 1,946.29,459.3,2966.66,87.96
2025-09-26,Unit 2,940.74,449.09,2909.17,88.28
2025-09-26,Unit 3,868.98,457.93,2951.66,88.48
2025-09-27,Unit 1,1063.4,456.92,2974.61,88.23
2025-09-27,Unit 2,858.13,450.97,2946.61,87.94
2025-09-27,Unit 3,835.89,455.23,2968.21,87.03
2025-09-28,Unit 1,958.72,457.44,2947.66,87.81
2025-09-28,Unit 2,961.54,459.23,2963.99,88.29
2025-09-28,Unit 3,1072.07,467.39,3004.05,87.67
2025-09-29,Unit 1,972.34,447.8,2915.4,87.41
2025-09-29,Unit 2,871.0,459.17,2973.11,88.22
2025-09-29,Unit 3,950.59,452.23,2933.04,87.86
2025-09-30,Unit 1,1111.98,458.78,2981.07,88.3
2025-09-30,Unit 2,1017.91,457.96,2935.32,88.49
2025-09-30,Unit 3,982.14,456.19,2968.19,87.19
2025-10-01,Unit 1,903.0,445.95,2898.24,88.8
2025-10-01,Unit 2,923.84,451.44,2915.03,87.52
2025-10-01,Unit 3,864.13,450.09,2929.52,87.72
2025-10-02,Unit 1,961.3,453.55,2953.15,87.53
2025-10-02,Unit 2,1021.06,454.95,2955.94,88.01
2025-10-02,Unit 3,1085.41,452.61,2939.01,87.02
2025-10-03,Unit 1,1117.57,461.71,2982.04,87.83
2025-10-03,Unit 2,1061.23,444.9,2889.16,89.26
2025-10-03,Unit 3,950.14,456.42,2972.61,88.38
2025-10-04,Unit 1,897.18,465.87,2986.81,88.29
2025-10-04,Unit 2,888.92,447.54,2902.19,88.45
2025-10-04,Unit 3,872.41,460.36,2963.29,87.67
2025-10-05,Unit 1,1000.91,452.86,2947.2,87.8
2025-10-05,Unit 2,1081.31,461.18,2994.81,87.93
2025-10-05,Unit 3,776.81,454.73,2954.79,88.53
2025-10-06,Unit 1,891.24,453.87,2942.92,88.52
2025-10-06,Unit 2,918.1,457.01,2982.03,88.12
2025-10-06,Unit 3,896.92,463.62,2964.73,87.98
2025-10-07,Unit 1,954.6,459.94,2963.6,86.3
2025-10-07,Unit 2,1084.33,456.68,2933.09,88.35
2025-10-07,Unit 3,1022.98,453.54,2943.45,87.68
2025-10-08,Unit 1,861.45,447.95,2931.92,87.91
2025-10-08,Unit 2,1003.15,462.49,2995.89,87.72
2025-10-08,Unit 3,1034.09,452.3,2948.43,88.8
2025-10-09,Unit 1,853.25,454.49,2956.79,87.68
2025-10-09,Unit 2,897.56,454.6,2950.24,88.08
2025-10-09,Unit 3,1011.73,450.61,2931.42,88.13
2025-10-10,Unit 1,1004.28,460.74,2966.6,87.7
2025-10-10,Unit 2,955.44,454.59,2971.28,87.77
2025-10-10,Unit 3,1017.33,453.36,2929.24,87.64
2025-10-11,Unit 1,1058.8,456.25,2977.27,87.64
2025-10-11,Unit 2,971.61,449.89,2947.78,87.7
2025-10-11,Unit 3,983.79,447.35,2913.26,88.11
2025-10-12,Unit 1,1052.77,463.5,3007.06,87.02
2025-10-12,Unit 2,891.4,458.64,2962.58,88.74
2025-10-12,Unit 3,907.62,448.91,2908.54,88.37
2025-10-13,Unit 1,1076.74,463.5,3006.03,87.57
2025-10-13,Unit 2,842.51,447.99,2897.45,88.29
2025-10-13,Unit 3,1052.47,451.66,2936.2,87.86
2025-10-14,Unit 1,1102.57,454.29,2961.51,88.97
2025-10-14,Unit 2,838.14,454.86,2941.25,87.69
2025-10-14,Unit 3,878.26,452.05,2943.59,88.21
2025-10-15,Unit 1,929.04,455.7,2946.02,88.2
2025-10-15,Unit 2,1089.88,456.99,2935.9,86.71
2025-10-15,Unit 3,1001.16,451.07,2931.01,86.98
2025-10-16,Unit 1,817.7,450.65,2895.88,87.58
2025-10-16,Unit 2,1054.68,450.59,2923.44,88.12
2025-10-16,Unit 3,907.16,463.12,2988.86,87.93
2025-10-17,Unit 1,999.5,460.97,2968.78,86.63
2025-10-17,Unit 2,1042.33,447.99,2909.93,86.95
2025-10-17,Unit 3,990.97,455.63,2921.82,87.41
2025-10-18,Unit 1,1038.05,458.24,2966.79,86.52
2025-10-18,Unit 2,883.93,459.36,2969.43,87.21
2025-10-18,Unit 3,1022.81,455.95,2953.15,87.59
2025-10-19,Unit 1,929.75,451.33,2927.02,88.62
2025-10-19,Unit 2,982.02,455.15,2974.77,88.34
2025-10-19,Unit 3,962.05,459.42,2983.6,88.44
2025-10-20,Unit 1,1071.56,455.91,2947.41,88.29
2025-10-20,Unit 2,983.52,461.25,2966.0,87.25
2025-10-20,Unit 3,918.69,453.44,2929.83,86.54
2025-10-21,Unit 1,995.62,453.8,2921.43,87.95
2025-10-21,Unit 2,889.06,455.7,2956.04,87.78
2025-10-21,Unit 3,949.44,450.11,2944.33,87.09
2025-10-22,Unit 1,887.62,452.81,2916.45,87.93
2025-10-22,Unit 2,996.53,455.07,2965.08,87.86
2025-10-22,Unit 3,881.67,450.83,2928.99,88.12
2025-10-23,Unit 1,1041.67,455.49,2954.06,87.5
2025-10-23,Unit 2,963.98,455.79,2976.96,88.05
2025-10-23,Unit 3,1096.9,454.99,2948.71,88.63
2025-10-24,Unit 1,1046.77,455.66,2930.41,87.88
2025-10-24,Unit 2,947.01,452.35,2917.93,88.03
2025-10-24,Unit 3,990.08,453.06,2939.62,86.63
2025-10-25,Unit 1,1033.94,461.65,2978.92,88.22
2025-10-25,Unit 2,1057.83,462.53,2980.46,88.52
2025-10-25,Unit 3,943.77,456.39,2959.35,87.13
2025-10-26,Unit 1,977.75,449.52,2945.67,88.65
2025-10-26,Unit 2,741.54,443.17,2906.66,86.69
2025-10-26,Unit 3,1030.88,463.27,3009.47,87.96
2025-10-27,Unit 1,901.7,455.65,2945.9,87.42
2025-10-27,Unit 2,820.73,450.72,2936.66,86.8
2025-10-27,Unit 3,888.61,449.98,2930.65,87.21
2025-10-28,Unit 1,934.48,460.45,2989.92,87.03
2025-10-28,Unit 2,994.53,462.87,2980.21,87.57
2025-10-28,Unit 3,766.0,456.46,2964.57,88.65
2025-10-29,Unit 1,958.88,459.58,2975.86,86.29
2025-10-29,Unit 2,1028.39,457.04,2989.52,87.2
2025-10-29,Unit 3,893.4,446.72,2923.52,88.36
2025-10-30,Unit 1,1007.48,457.79,2972.75,88.74
2025-10-30,Unit 2,1087.35,454.22,2959.44,89.32
2025-10-30,Unit 3,1020.66,455.61,2970.71,87.39
2025-10-31,Unit 1,954.88,451.57,2940.36,87.6
2025-10-31,Unit 2,1035.05,457.72,2967.1,87.31
2025-10-31,Unit 3,814.6,462.85,2998.39,87.83
2025-11-01,Unit 1,911.31,462.6,3009.34,88.65
2025-11-01,Unit 2,974.44,451.72,2911.01,87.77
2025-11-01,Unit 3,933.21,454.48,2947.38,87.16
2025-11-02,Unit 1,949.71,456.2,2952.98,87.3
2025-11-02,Unit 2,918.96,458.39,2968.26,87.44
2025-11-02,Unit 3,1050.38,457.09,2967.73,89.32
2025-11-03,Unit 1,914.26,454.33,2933.27,87.78
2025-11-03,Unit 2,956.72,459.81,2980.91,88.33
2025-11-03,Unit 3,993.7,456.81,2955.04,87.53
2025-11-04,Unit 1,1045.07,456.33,2970.92,88.16
2025-11-04,Unit 2,900.02,452.04,2942.75,88.29
2025-11-04,Unit 3,959.62,461.6,3004.89,87.88
2025-11-05,Unit 1,972.73,453.13,2946.81,88.75
2025-11-05,Unit 2,832.99,464.56,3006.57,87.54
2025-11-05,Unit 3,873.71,461.06,2983.46,87.77
2025-11-06,Unit 1,954.06,458.07,2944.44,87.51
2025-11-06,Unit 2,984.94,455.37,2971.01,86.57
2025-11-06,Unit 3,1006.82,455.89,2943.9,88.96
2025-11-07,Unit 1,1051.32,461.91,2958.86,88.02
2025-11-07,Unit 2,934.55,457.29,2946.33,88.83
2025-11-07,Unit 3,933.35,454.01,2930.69,88.35
2025-11-08,Unit 1,909.77,455.02,2926.89,87.86
2025-11-08,Unit 2,1096.24,450.25,2918.99,88.16
2025-11-08,Unit 3,921.45,459.33,2984.92,88.46
2025-11-09,Unit 1,944.66,458.62,2974.99,88.54
2025-11-09,Unit 2,810.3,444.66,2919.01,87.84
2025-11-09,Unit 3,1083.29,453.34,2953.83,87.78
2025-11-10,Unit 1,868.5,455.28,2935.12,87.79
2025-11-10,Unit 2,798.06,444.48,2872.3,87.66
2025-11-10,Unit 3,954.1,453.83,2952.7,89.18
2025-11-11,Unit 1,969.48,456.32,2931.7,88.31
2025-11-11,Unit 2,1103.73,450.64,2947.5,86.85
2025-11-11,Unit 3,881.35,442.46,2862.3,87.41
2025-11-12,Unit 1,1100.67,456.8,2958.45,88.94
2025-11-12,Unit 2,1030.5,454.27,2941.46,88.24
2025-11-12,Unit 3,1081.14,453.59,2934.11,87.92
2025-11-13,Unit 1,1082.14,454.79,2948.17,87.9
2025-11-13,Unit 2,888.27,442.77,2887.14,88.68
2025-11-13,Unit 3,963.72,454.06,2967.42,87.53
2025-11-14,Unit 1,829.7,456.29,2956.88,89.46
2025-11-14,Unit 2,747.06,448.51,2920.13,88.08
2025-11-14,Unit 3,977.86,446.86,2872.21,88.27
2025-11-15,Unit 1,852.39,447.96,2904.34,86.91
2025-11-15,Unit 2,879.32,457.6,2970.27,86.83
2025-11-15,Unit 3,1059.32,448.6,2897.28,86.92
2025-11-16,Unit 1,869.65,449.33,2904.44,86.38
2025-11-16,Unit 2,968.23,448.61,2936.15,88.17
2025-11-16,Unit 3,1077.14,454.13,2951.91,88.31
2025-11-17,Unit 1,843.57,453.8,2937.46,87.78
2025-11-17,Unit 2,1036.15,457.01,2970.89,87.93
2025-11-17,Unit 3,1039.89,450.65,2933.34,87.9
2025-11-18,Unit 1,969.61,460.32,2971.95,88.26
2025-11-18,Unit 2,1058.81,452.26,2947.34,86.67
2025-11-18,Unit 3,832.04,458.86,2958.86,86.8
2025-11-19,Unit 1,1081.65,447.16,2920.36,89.19
2025-11-19,Unit 2,1091.18,456.15,2975.5,87.48
2025-11-19,Unit 3,965.44,454.11,2933.05,87.66
2025-11-20,Unit 1,961.75,456.99,2923.16,87.66
2025-11-20,Unit 2,1018.17,465.13,3037.72,87.17
2025-11-20,Unit 3,893.34,453.03,2953.49,88.42
2025-11-21,Unit 1,911.83,446.95,2911.94,88.29
2025-11-21,Unit 2,996.21,456.83,2950.46,88.69
2025-11-21,Unit 3,1101.23,461.03,2971.62,87.29
2025-11-22,Unit 1,830.51,450.5,2926.6,87.06
2025-11-22,Unit 2,1032.15,463.38,2985.31,87.6
2025-11-22,Unit 3,1073.8,458.11,2951.42,88.25
2025-11-23,Unit 1,1092.17,454.82,2961.47,88.37
2025-11-23,Unit 2,1048.48,466.82,3010.95,87.67
2025-11-23,Unit 3,970.31,459.27,2944.79,88.18
2025-11-24,Unit 1,1064.23,454.63,2960.17,88.52
2025-11-24,Unit 2,972.39,454.62,2945.03,87.66
2025-11-24,Unit 3,992.99,455.21,2932.57,88.91
2025-11-25,Unit 1,838.32,458.46,2950.98,87.47
2025-11-25,Unit 2,1048.94,462.94,3016.43,87.41
2025-11-25,Unit 3,1021.23,455.32,2929.08,86.95
2025-11-26,Unit 1,918.32,451.73,2971.2,87.51
2025-11-26,Unit 2,1020.99,451.34,2936.59,87.18
2025-11-26,Unit 3,897.01,450.7,2925.8,88.25
2025-11-27,Unit 1,1052.05,460.62,2954.97,87.86
2025-11-27,Unit 2,1101.62,469.93,3014.77,87.13
2025-11-27,Unit 3,968.95,445.22,2919.75,88.38
2025-11-28,Unit 1,885.02,460.08,2975.62,86.66
2025-11-28,Unit 2,1005.46,451.45,2956.54,87.4
2025-11-28,Unit 3,749.27,448.51,2913.6,88.1
2025-11-29,Unit 1,1106.3,459.78,2996.66,86.9
2025-11-29,Unit 2,973.05,452.97,2953.31,86.16
2025-11-29,Unit 3,1087.55,453.45,2932.29,87.85
2025-11-30,Unit 1,1075.21,459.56,2978.97,87.06
2025-11-30,Unit 2,906.05,449.3,2925.36,87.17
2025-11-30,Unit 3,1017.38,453.01,2946.83,87.67
2025-12-01,Unit 1,975.6,458.52,2967.45,87.97
2025-12-01,Unit 2,1101.42,454.37,2934.1,88.22
2025-12-01,Unit 3,969.24,455.19,2956.8,88.76
2025-12-02,Unit 1,972.37,453.91,2946.1,87.64
2025-12-02,Unit 2,784.0,450.78,2932.5,87.04
2025-12-02,Unit 3,997.5,459.56,2963.0,88.35
2025-12-03,Unit 1,1037.3,453.35,2955.56,87.14
2025-12-03,Unit 2,910.6,457.74,2967.23,87.58
2025-12-03,Unit 3,849.93,453.21,2959.8,87.63
2025-12-04,Unit 1,1067.31,459.79,3003.69,86.88
2025-12-04,Unit 2,805.07,454.73,2975.02,88.14
2025-12-04,Unit 3,1010.89,448.27,2917.62,87.83
2025-12-05,Unit 1,1072.58,451.02,2914.32,88.44
2025-12-05,Unit 2,914.1,450.19,2954.88,88.25
2025-12-05,Unit 3,1045.39,459.39,2964.18,87.14
2025-12-06,Unit 1,963.17,448.76,2936.13,87.92
2025-12-06,Unit 2,990.75,457.81,2976.87,87.81
2025-12-06,Unit 3,1071.78,452.08,2952.02,87.05
2025-12-07,Unit 1,1063.3,456.15,2968.37,87.53
2025-12-07,Unit 2,890.79,453.79,2946.16,87.85
2025-12-07,Unit 3,961.56,456.06,2956.22,86.74
2025-12-08,Unit 1,975.59,457.05,2964.82,87.82
2025-12-08,Unit 2,1066.71,447.92,2901.21,86.54
2025-12-08,Unit 3,1044.88,456.65,2960.95,87.49
2025-12-09,Unit 1,1072.12,454.2,2959.36,87.18
2025-12-09,Unit 2,946.53,449.41,2919.46,87.18
2025-12-09,Unit 3,1045.14,443.76,2904.88,87.05
2025-12-10,Unit 1,965.49,451.08,2946.01,87.53
2025-12-10,Unit 2,966.31,451.53,2946.71,87.8
2025-12-10,Unit 3,1022.93,450.93,2913.27,88.04
2025-12-11,Unit 1,977.69,451.05,2949.61,88.19
2025-12-11,Unit 2,965.09,459.45,2969.47,87.51
2025-12-11,Unit 3,1015.35,455.47,2964.73,87.99
2025-12-12,Unit 1,1009.99,450.67,2956.82,87.86
2025-12-12,Unit 2,800.89,450.08,2920.11,87.54
2025-12-12,Unit 3,1038.83,449.4,2893.69,87.75
2025-12-13,Unit 1,1085.61,454.96,2949.19,86.79
2025-12-13,Unit 2,929.62,454.9,2951.02,87.69
2025-12-13,Unit 3,884.39,461.56,2983.98,86.34
2025-12-14,Unit 1,996.43,452.82,2933.63,86.88
2025-12-14,Unit 2,954.35,449.62,2933.19,87.09
2025-12-14,Unit 3,1094.07,454.93,2950.65,87.44
2025-12-15,Unit 1,1001.48,455.14,2927.29,86.93
2025-12-15,Unit 2,1000.95,452.1,2943.22,87.98
2025-12-15,Unit 3,1087.96,448.17,2904.5,87.3
2025-12-16,Unit 1,986.59,451.77,2943.42,87.37
2025-12-16,Unit 2,932.58,455.6,2938.25,85.86
2025-12-16,Unit 3,1079.45,453.55,2967.92,87.76
2025-12-17,Unit 1,934.45,453.98,2941.51,88.41
2025-12-17,Unit 2,930.41,445.7,2901.84,87.23
2025-12-17,Unit 3,772.36,454.95,2959.91,86.84
2025-12-18,Unit 1,1086.86,451.22,2906.33,87.96
2025-12-18,Unit 2,991.18,454.91,2950.3,87.41
2025-12-18,Unit 3,898.07,464.4,3017.78,87.79
2025-12-19,Unit 1,939.04,454.75,2925.15,88.02
2025-12-19,Unit 2,886.47,456.87,2950.94,87.65
2025-12-19,Unit 3,1079.9,450.84,2916.77,88.15
2025-12-20,Unit 1,949.57,453.81,2923.58,88.63
2025-12-20,Unit 2,1092.96,460.95,2999.85,87.79
2025-12-20,Unit 3,950.9,458.48,2981.93,87.85
2025-12-21,Unit 1,897.77,451.4,2926.01,88.69
2025-12-21,Unit 2,1031.28,453.78,2918.9,88.67
2025-12-21,Unit 3,939.24,445.28,2894.58,88.31
2025-12-22,Unit 1,967.02,458.29,2944.92,88.13
2025-12-22,Unit 2,898.85,448.08,2940.81,87.64
2025-12-22,Unit 3,992.54,462.71,2971.06,87.86
2025-12-23,Unit 1,997.98,451.88,2918.63,87.14
2025-12-23,Unit 2,1013.51,452.95,2955.24,86.97
2025-12-23,Unit 3,976.19,457.77,2995.27,87.52
2025-12-24,Unit 1,914.0,451.74,2941.75,87.98
2025-12-24,Unit 2,864.98,461.46,3000.82,86.17
2025-12-24,Unit 3,1091.57,454.19,2929.23,86.88
2025-12-25,Unit 1,865.41,452.48,2945.71,87.21
2025-12-25,Unit 2,940.84,445.34,2894.87,87.94
2025-12-25,Unit 3,1089.11,458.13,2988.93,87.96
2025-12-26,Unit 1,1047.7,451.17,2944.22,88.09
2025-12-26,Unit 2,1003.64,453.15,2941.51,87.53
2025-12-26,Unit 3,923.0,459.21,2984.37,88.45
2025-12-27,Unit 1,913.85,460.32,2995.65,87.6
2025-12-27,Unit 2,953.75,451.62,2923.25,87.92
2025-12-27,Unit 3,932.55,458.78,2988.75,87.78
2025-12-28,Unit 1,969.8,442.4,2889.67,86.83
2025-12-28,Unit 2,1060.25,464.94,2984.62,88.02
2025-12-28,Unit 3,1050.6,456.16,2998.39,86.72
2025-12-29,Unit 1,1009.8,452.23,2946.99,87.46
2025-12-29,Unit 2,884.97,457.95,2986.62,87.03
2025-12-29,Unit 3,1061.69,446.6,2935.8,87.62
2025-12-30,Unit 1,1032.98,462.29,2985.97,88.08
2025-12-30,Unit 2,960.64,463.28,3007.07,88.52
2025-12-30,Unit 3,1082.85,454.85,2950.24,87.11
2025-12-31,Unit 1,980.53,461.73,2990.92,87.77
2025-12-31,Unit 2,1049.55,455.32,2958.91,88.81
2025-12-31,Unit 3,1066.72,454.02,2954.72,87.57
