Date,Unit,Average Load (MW),Power Generation (MWh)
2025-01-01,Unit 1,81.1,1952.9
2025-01-01,Unit 2,96.53,2286.28
2025-01-01,Unit 3,90.98,2173.16
2025-01-02,Unit 1,96.58,2293.51
2025-01-02,Unit 2,78.17,1861.73
2025-01-02,Unit 3,98.25,2376.58
2025-01-03,Unit 1,96.68,2326.21
2025-01-03,Unit 2,86.81,2082.24
2025-01-03,Unit 3,88.3,2110.73
2025-01-04,Unit 1,96.8,2296.96
2025-01-04,Unit 2,92.41,2188.68
2025-01-04,Unit 3,99.9,2368.98
2025-01-05,Unit 1,100.0,2427.85
2025-01-05,Unit 2,95.19,2260.17
2025-01-05,Unit 3,98.35,2370.95
2025-01-06,Unit 1,92.0,2215.02
2025-01-06,Unit 2,82.2,1988.6
2025-01-06,Unit 3,82.88,1972.9
2025-01-07,Unit 1,89.96,2127.68
2025-01-07,Unit 2,100.0,2430.93
2025-01-07,Unit 3,83.16,1975.25
2025-01-08,Unit 1,80.53,1942.71
2025-01-08,Unit 2,86.7,2092.66
2025-01-08,Unit 3,100.0,2385.22
2025-01-09,Unit 1,80.4,1922.85
2025-01-09,Unit 2,77.85,1858.6
2025-01-09,Unit 3,87.98,2086.55
2025-01-10,Unit 1,97.78,2377.64
2025-01-10,Unit 2,99.1,2387.25
2025-01-10,Unit 3,80.76,1969.54
2025-01-11,Unit 1,94.41,2251.73
2025-01-11,Unit 2,90.1,2180.95
2025-01-11,Unit 3,75.66,1806.99
2025-01-12,Unit 1,83.4,1995.08
2025-01-12,Unit 2,78.42,1853.82
2025-01-12,Unit 3,89.85,2150.67
2025-01-13,Unit 1,90.56,2193.04
2025-01-13,Unit 2,89.11,2158.23
2025-01-13,Unit 3,94.57,2289.11
2025-01-14,Unit 1,89.08,2162.76
2025-01-14,Unit 2,90.96,2193.39
2025-01-14,Unit 3,99.43,2387.78
2025-01-15,Unit 1,90.43,2175.19
2025-01-15,Unit 2,100.0,2404.55
2025-01-15,Unit 3,93.88,2211.89
2025-01-16,Unit 1,90.61,2181.66
2025-01-16,Unit 2,80.25,1902.84
2025-01-16,Unit 3,90.19,2170.87
2025-01-17,Unit 1,80.64,1902.22
2025-01-17,Unit 2,100.0,2373.85
2025-01-17,Unit 3,91.81,2220.19
2025-01-18,Unit 1,100.0,2398.51
2025-01-18,Unit 2,100.0,2405.32
2025-01-18,Unit 3,100.0,2439.68
2025-01-19,Unit 1,92.97,2219.18
2025-01-19,Unit 2,93.16,2227.32
2025-01-19,Unit 3,75.03,1793.78
2025-01-20,Unit 1,91.32,2203.1
2025-01-20,Unit 2,81.27,1934.11
2025-01-20,Unit 3,97.71,2364.53
2025-01-21,Unit 1,91.44,2247.53
2025-01-21,Unit 2,79.27,1940.18
2025-01-21,Unit 3,98.57,2353.98
2025-01-22,Unit 1,88.47,2129.6
2025-01-22,Unit 2,100.0,2367.41
2025-01-22,Unit 3,86.42,2031.5
2025-01-23,Unit 1,99.97,2357.78
2025-01-23,Unit 2,95.77,2275.98
2025-01-23,Unit 3,87.11,2113.88
2025-01-24,Unit 1,80.07,1905.31
2025-01-24,Unit 2,97.77,2345.97
2025-01-24,Unit 3,76.96,1858.16
2025-01-25,Unit 1,87.41,2120.79
2025-01-25,Unit 2,94.33,2266.53
2025-01-25,Unit 3,93.0,2210.94
2025-01-26,Unit 1,95.06,2300.87
2025-01-26,Unit 2,93.04,2245.21
2025-01-26,Unit 3,92.17,2186.61
2025-01-27,Unit 1,79.81,1943.66
2025-01-27,Unit 2,100.0,2409.7
2025-01-27,Unit 3,100.0,2386.99
2025-01-28,Unit 1,81.97,1951.85
2025-01-28,Unit 2,81.02,1952.09
2025-01-28,Unit 3,84.9,2061.4
2025-01-29,Unit 1,72.03,1711.26
2025-01-29,Unit 2,90.36,2156.13
2025-01-29,Unit 3,86.97,2098.3
2025-01-30,Unit 1,87.04,2072.23
2025-01-30,Unit 2,90.2,2166.53
2025-01-30,Unit 3,99.67,2363.29
2025-01-31,Unit 1,100.0,2385.2
2025-01-31,Unit 2,85.66,2073.36
2025-01-31,Unit 3,83.76,2022.99
2025-02-01,Unit 1,95.14,2309.99
2025-02-01,Unit 2,91.02,2170.98
2025-02-01,Unit 3,96.29,2319.38
2025-02-02,Unit 1,90.5,2156.39
2025-02-02,Unit 2,77.73,1882.74
2025-02-02,Unit 3,85.36,2048.22
2025-02-03,Unit 1,94.57,2277.17
2025-02-03,Unit 2,86.7,2052.6
2025-02-03,Unit 3,97.62,2401.76
2025-02-04,Unit 1,100.0,2415.54
2025-02-04,Unit 2,72.12,1735.69
2025-02-04,Unit 3,77.55,1855.82
2025-02-05,Unit 1,100.0,2367.89
2025-02-05,Unit 2,87.43,2089.23
2025-02-05,Unit 3,77.64,1873.53
2025-02-06,Unit 1,98.58,2362.75
2025-02-06,Unit 2,91.58,2206.92
2025-02-06,Unit 3,92.72,2254.1
2025-02-07,Unit 1,88.8,2133.7
2025-02-07,Unit 2,84.89,2010.86
2025-02-07,Unit 3,78.88,1860.29
2025-02-08,Unit 1,80.51,1962.77
2025-02-08,Unit 2,100.0,2419.58
2025-02-08,Unit 3,97.59,2328.95
2025-02-09,Unit 1,94.0,2230.0
2025-02-09,Unit 2,100.0,2383.44
2025-02-09,Unit 3,99.8,2427.59
2025-02-10,Unit 1,100.0,2388.93
2025-02-10,Unit 2,90.27,2151.14
2025-02-10,Unit 3,100.0,2408.38
2025-02-11,Unit 1,71.32,1701.58
2025-02-11,Unit 2,80.09,1922.77
2025-02-11,Unit 3,93.59,2235.6
2025-02-12,Unit 1,92.14,2217.77
2025-02-12,Unit 2,98.69,2377.99
2025-02-12,Unit 3,85.12,2039.23
2025-02-13,Unit 1,90.39,2164.8
2025-02-13,Unit 2,85.21,2010.27
2025-02-13,Unit 3,85.26,2036.03
2025-02-14,Unit 1,93.35,2238.26
2025-02-14,Unit 2,97.48,2329.69
2025-02-14,Unit 3,95.86,2275.84
2025-02-15,Unit 1,100.0,2387.89
2025-02-15,Unit 2,100.0,2402.73
2025-02-15,Unit 3,99.49,2402.03
2025-02-16,Unit 1,89.78,2166.27
2025-02-16,Unit 2,81.41,1961.15
2025-02-16,Unit 3,89.63,2192.05
2025-02-17,Unit 1,88.82,2124.49
2025-02-17,Unit 2,82.21,1937.59
2025-02-17,Unit 3,100.0,2404.94
2025-02-18,Unit 1,82.1,2000.22
2025-02-18,Unit 2,89.15,2164.08
2025-02-18,Unit 3,86.67,2056.48
2025-02-19,Unit 1,100.0,2431.25
2025-02-19,Unit 2,82.98,2007.14
2025-02-19,Unit 3,79.38,1904.76
2025-02-20,Unit 1,85.33,2021.97
2025-02-20,Unit 2,86.29,2063.93
2025-02-20,Unit 3,99.28,2377.98
2025-02-21,Unit 1,92.81,2261.25
2025-02-21,Unit 2,85.54,2031.72
2025-02-21,Unit 3,91.91,2234.53
2025-02-22,Unit 1,83.26,2018.28
2025-02-22,Unit 2,100.0,2405.49
2025-02-22,Unit 3,82.9,1991.85
2025-02-23,Unit 1,75.35,1812.51
2025-02-23,Unit 2,97.86,2361.78
2025-02-23,Unit 3,88.4,2098.43
2025-02-24,Unit 1,82.62,2006.35
2025-02-24,Unit 2,92.29,2206.33
2025-02-24,Unit 3,91.95,2197.6
2025-02-25,Unit 1,93.23,2237.03
2025-02-25,Unit 2,94.69,2263.15
2025-02-25,Unit 3,92.81,2237.1
2025-02-26,Unit 1,82.39,1971.17
2025-02-26,Unit 2,98.03,2393.75
2025-02-26,Unit 3,90.69,2164.88
2025-02-27,Unit 1,85.54,2019.0
2025-02-27,Unit 2,85.89,2062.0
2025-02-27,Unit 3,89.38,2157.8
2025-02-28,Unit 1,100.0,2402.14
2025-02-28,Unit 2,82.85,1974.9
2025-02-28,Unit 3,83.77,2006.52
2025-03-01,Unit 1,100.0,2385.81
2025-03-01,Unit 2,96.55,2293.08
2025-03-01,Unit 3,85.79,2089.07
2025-03-02,Unit 1,80.85,1942.58
2025-03-02,Unit 2,100.0,2382.68
2025-03-02,Unit 3,100.0,2395.0
2025-03-03,Unit 1,94.61,2222.92
2025-03-03,Unit 2,83.08,1997.99
2025-03-03,Unit 3,89.09,2134.91
2025-03-04,Unit 1,89.25,2146.64
2025-03-04,Unit 2,100.0,2405.01
2025-03-04,Unit 3,97.69,2308.1
2025-03-05,Unit 1,84.45,2035.88
2025-03-05,Unit 2,87.11,2129.92
2025-03-05,Unit 3,75.48,1850.27
2025-03-06,Unit 1,89.15,2167.33
2025-03-06,Unit 2,98.68,2378.03
2025-03-06,Unit 3,85.05,2047.37
2025-03-07,Unit 1,90.24,2177.97
2025-03-07,Unit 2,82.02,1953.11
2025-03-07,Unit 3,90.63,2175.61
2025-03-08,Unit 1,93.4,2286.03
2025-03-08,Unit 2,81.02,1937.89
2025-03-08,Unit 3,91.52,2214.46
2025-03-09,Unit 1,84.01,2022.99
2025-03-09,Unit 2,93.06,2217.31
2025-03-09,Unit 3,87.71,2111.56
2025-03-10,Unit 1,89.21,2132.42
2025-03-10,Unit 2,92.39,2204.59
2025-03-10,Unit 3,94.94,2285.82
2025-03-11,Unit 1,87.17,2080.55
2025-03-11,Unit 2,88.21,2146.94
2025-03-11,Unit 3,79.92,1905.72
2025-03-12,Unit 1,98.98,2385.94
2025-03-12,Unit 2,77.43,1858.06
2025-03-12,Unit 3,79.54,1912.78
2025-03-13,Unit 1,77.22,1862.4
2025-03-13,Unit 2,100.0,2396.18
2025-03-13,Unit 3,80.0,1932.01
2025-03-14,Unit 1,100.0,2370.73
2025-03-14,Unit 2,83.57,2020.56
2025-03-14,Unit 3,88.26,2095.94
2025-03-15,Unit 1,78.75,1871.47
2025-03-15,Unit 2,92.95,2227.16
2025-03-15,Unit 3,97.96,2347.79
2025-03-16,Unit 1,96.27,2305.38
2025-03-16,Unit 2,93.35,2268.36
2025-03-16,Unit 3,94.85,2272.83
2025-03-17,Unit 1,87.05,2080.11
2025-03-17,Unit 2,100.0,2332.26
2025-03-17,Unit 3,100.0,2400.2
2025-03-18,Unit 1,78.09,1894.38
2025-03-18,Unit 2,80.18,1915.75
2025-03-18,Unit 3,99.9,2374.4
2025-03-19,Unit 1,82.29,1955.82
2025-03-19,Unit 2,75.23,1786.94
2025-03-19,Unit 3,84.23,2024.96
2025-03-20,Unit 1,96.85,2359.71
2025-03-20,Unit 2,85.97,2060.51
2025-03-20,Unit 3,89.8,2197.31
2025-03-21,Unit 1,96.46,2295.58
2025-03-21,Unit 2,93.26,2247.36
2025-03-21,Unit 3,91.23,2204.87
2025-03-22,Unit 1,85.15,2078.06
2025-03-22,Unit 2,89.89,2143.55
2025-03-22,Unit 3,94.56,2288.92
2025-03-23,Unit 1,90.89,2183.77
2025-03-23,Unit 2,86.2,2089.52
2025-03-23,Unit 3,83.86,2042.29
2025-03-24,Unit 1,100.0,2388.39
2025-03-24,Unit 2,99.59,2374.38
2025-03-24,Unit 3,85.06,2020.13
2025-03-25,Unit 1,96.87,2320.13
2025-03-25,Unit 2,92.25,2249.05
2025-03-25,Unit 3,83.6,2005.12
2025-03-26,Unit 1,92.34,2216.35
2025-03-26,Unit 2,88.96,2127.05
2025-03-26,Unit 3,100.0,2355.81
2025-03-27,Unit 1,86.09,2052.44
2025-03-27,Unit 2,83.56,2035.54
2025-03-27,Unit 3,81.68,1965.07
2025-03-28,Unit 1,80.6,1916.38
2025-03-28,Unit 2,84.43,2037.86
2025-03-28,Unit 3,95.43,2284.35
2025-03-29,Unit 1,89.89,2153.66
2025-03-29,Unit 2,91.92,2215.68
2025-03-29,Unit 3,91.55,2185.11
2025-03-30,Unit 1,78.23,1880.43
2025-03-30,Unit 2,94.47,2263.98
2025-03-30,Unit 3,80.35,1935.92
2025-03-31,Unit 1,90.35,2179.52
2025-03-31,Unit 2,86.27,2067.55
2025-03-31,Unit 3,97.16,2319.28
2025-04-01,Unit 1,80.45,1924.78
2025-04-01,Unit 2,78.68,1862.33
2025-04-01,Unit 3,92.5,2219.35
2025-04-02,Unit 1,86.69,2096.61
2025-04-02,Unit 2,86.6,2099.22
2025-04-02,Unit 3,87.19,2146.26
2025-04-03,Unit 1,93.54,2236.25
2025-04-03,Unit 2,90.93,2165.41
2025-04-03,Unit 3,92.37,2224.37
2025-04-04,Unit 1,91.14,2198.78
2025-04-04,Unit 2,88.27,2155.5
2025-04-04,Unit 3,92.44,2200.39
2025-04-05,Unit 1,77.86,1883.71
2025-04-05,Unit 2,95.48,2328.59
2025-04-05,Unit 3,90.73,2182.66
2025-04-06,Unit 1,97.93,2371.09
2025-04-06,Unit 2,81.24,1955.65
2025-04-06,Unit 3,96.92,2329.45
2025-04-07,Unit 1,100.0,2391.28
2025-04-07,Unit 2,96.21,2336.39
2025-04-07,Unit 3,84.07,2050.87
2025-04-08,Unit 1,78.6,1895.34
2025-04-08,Unit 2,93.14,2267.19
2025-04-08,Unit 3,95.16,2289.86
2025-04-09,Unit 1,86.39,2084.41
2025-04-09,Unit 2,85.92,2062.81
2025-04-09,Unit 3,82.3,1971.02
2025-04-10,Unit 1,97.3,2332.37
2025-04-10,Unit 2,86.34,2073.34
2025-04-10,Unit 3,80.8,1919.59
2025-04-11,Unit 1,88.51,2130.52
2025-04-11,Unit 2,83.09,2019.72
2025-04-11,Unit 3,84.16,2027.14
2025-04-12,Unit 1,95.23,2302.93
2025-04-12,Unit 2,82.21,1953.87
2025-04-12,Unit 3,100.0,2426.01
2025-04-13,Unit 1,95.09,2271.07
2025-04-13,Unit 2,95.39,2241.84
2025-04-13,Unit 3,100.0,2382.7
2025-04-14,Unit 1,96.9,2332.4
2025-04-14,Unit 2,89.56,2140.13
2025-04-14,Unit 3,100.0,2380.93
2025-04-15,Unit 1,95.31,2272.9
2025-04-15,Unit 2,76.24,1866.23
2025-04-15,Unit 3,98.58,2372.5
2025-04-16,Unit 1,100.0,2398.09
2025-04-16,Unit 2,95.73,2255.49
2025-04-16,Unit 3,77.69,1874.7
2025-04-17,Unit 1,95.32,2326.58
2025-04-17,Unit 2,82.67,2011.18
2025-04-17,Unit 3,77.51,1890.26
2025-04-18,Unit 1,74.1,1773.28
2025-04-18,Unit 2,77.38,1866.5
2025-04-18,Unit 3,84.09,2003.61
2025-04-19,Unit 1,83.99,2014.97
2025-04-19,Unit 2,81.17,1950.81
2025-04-19,Unit 3,90.77,2185.44
2025-04-20,Unit 1,85.25,2042.68
2025-04-20,Unit 2,84.33,2062.93
2025-04-20,Unit 3,76.54,1816.45
2025-04-21,Unit 1,83.16,1975.17
2025-04-21,Unit 2,74.07,1782.88
2025-04-21,Unit 3,82.14,1938.86
2025-04-22,Unit 1,85.28,2063.62
2025-04-22,Unit 2,87.65,2074.68
2025-04-22,Unit 3,77.83,1902.79
2025-04-23,Unit 1,72.59,1756.93
2025-04-23,Unit 2,88.15,2115.31
2025-04-23,Unit 3,90.46,2189.45
2025-04-24,Unit 1,92.55,2223.9
2025-04-24,Unit 2,90.88,2191.34
2025-04-24,Unit 3,82.82,1961.44
2025-04-25,Unit 1,100.0,2365.05
2025-04-25,Unit 2,82.27,2007.18
2025-04-25,Unit 3,89.17,2115.36
2025-04-26,Unit 1,85.64,2085.8
2025-04-26,Unit 2,85.56,2033.9
2025-04-26,Unit 3,82.89,2016.81
2025-04-27,Unit 1,87.62,2129.12
2025-04-27,Unit 2,100.0,2426.63
2025-04-27,Unit 3,98.55,2377.21
2025-04-28,Unit 1,75.49,1790.69
2025-04-28,Unit 2,89.4,2155.32
2025-04-28,Unit 3,90.09,2157.56
2025-04-29,Unit 1,89.82,2141.01
2025-04-29,Unit 2,92.65,2226.48
2025-04-29,Unit 3,88.97,2142.06
2025-04-30,Unit 1,100.0,2426.63
2025-04-30,Unit 2,100.0,2397.74
2025-04-30,Unit 3,85.89,2057.13
2025-05-01,Unit 1,78.51,1857.99
2025-05-01,Unit 2,97.96,2385.22
2025-05-01,Unit 3,96.86,2308.17
2025-05-02,Unit 1,91.03,2165.85
2025-05-02,Unit 2,81.72,1983.3
2025-05-02,Unit 3,96.3,2282.77
2025-05-03,Unit 1,85.62,2055.59
2025-05-03,Unit 2,92.04,2174.71
2025-05-03,Unit 3,93.09,2233.12
2025-05-04,Unit 1,91.45,2220.83
2025-05-04,Unit 2,82.05,1948.96
2025-05-04,Unit 3,95.24,2301.97
2025-05-05,Unit 1,90.27,2204.14
2025-05-05,Unit 2,100.0,2350.36
2025-05-05,Unit 3,99.12,2387.12
2025-05-06,Unit 1,100.0,2403.23
2025-05-06,Unit 2,84.23,2018.53
2025-05-06,Unit 3,87.45,2120.47
2025-05-07,Unit 1,91.12,2206.78
2025-05-07,Unit 2,77.74,1861.8
2025-05-07,Unit 3,91.14,2204.46
2025-05-08,Unit 1,87.13,2123.68
2025-05-08,Unit 2,86.79,2133.54
2025-05-08,Unit 3,90.34,2179.12
2025-05-09,Unit 1,97.68,2353.63
2025-05-09,Unit 2,100.0,2373.25
2025-05-09,Unit 3,94.3,2271.79
2025-05-10,Unit 1,95.45,2300.83
2025-05-10,Unit 2,91.03,2181.27
2025-05-10,Unit 3,88.77,2089.33
2025-05-11,Unit 1,83.92,2052.67
2025-05-11,Unit 2,89.76,2143.37
2025-05-11,Unit 3,89.2,2108.89
2025-05-12,Unit 1,89.37,2133.24
2025-05-12,Unit 2,84.57,2023.34
2025-05-12,Unit 3,83.52,2023.73
2025-05-13,Unit 1,90.67,2145.57
2025-05-13,Unit 2,87.81,2105.54
2025-05-13,Unit 3,89.33,2168.27
2025-05-14,Unit 1,89.26,2137.23
2025-05-14,Unit 2,89.53,2138.62
2025-05-14,Unit 3,91.34,2200.42
2025-05-15,Unit 1,78.54,1873.8
2025-05-15,Unit 2,79.71,1930.6
2025-05-15,Unit 3,100.0,2376.73
2025-05-16,Unit 1,98.56,2390.95
2025-05-16,Unit 2,93.05,2239.44
2025-05-16,Unit 3,90.69,2161.59
2025-05-17,Unit 1,99.17,2378.11
2025-05-17,Unit 2,93.68,2244.78
2025-05-17,Unit 3,79.53,1947.4
2025-05-18,Unit 1,97.78,2349.13
2025-05-18,Unit 2,81.63,1916.11
2025-05-18,Unit 3,94.71,2276.48
2025-05-19,Unit 1,92.6,2186.22
2025-05-19,Unit 2,92.21,2213.27
2025-05-19,Unit 3,100.0,2398.44
2025-05-20,Unit 1,97.78,2372.71
2025-05-20,Unit 2,100.0,2412.2
2025-05-20,Unit 3,87.3,2088.16
2025-05-21,Unit 1,79.43,1863.91
2025-05-21,Unit 2,91.16,2174.7
2025-05-21,Unit 3,96.52,2360.08
2025-05-22,Unit 1,88.2,2137.34
2025-05-22,Unit 2,85.54,2039.87
2025-05-22,Unit 3,91.29,2172.44
2025-05-23,Unit 1,92.59,2267.82
2025-05-23,Unit 2,85.18,2050.59
2025-05-23,Unit 3,100.0,2350.15
2025-05-24,Unit 1,87.75,2102.09
2025-05-24,Unit 2,96.17,2334.17
2025-05-24,Unit 3,100.0,2405.37
2025-05-25,Unit 1,100.0,2426.42
2025-05-25,Unit 2,89.17,2127.28
2025-05-25,Unit 3,72.47,1732.61
2025-05-26,Unit 1,93.43,2228.06
2025-05-26,Unit 2,100.0,2387.9
2025-05-26,Unit 3,100.0,2416.48
2025-05-27,Unit 1,100.0,2405.77
2025-05-27,Unit 2,85.36,2025.51
2025-05-27,Unit 3,96.77,2332.68
2025-05-28,Unit 1,89.82,2142.91
2025-05-28,Unit 2,76.68,1834.43
2025-05-28,Unit 3,83.81,2010.23
2025-05-29,Unit 1,86.1,2087.85
2025-05-29,Unit 2,91.34,2211.16
2025-05-29,Unit 3,81.68,1999.19
2025-05-30,Unit 1,86.42,2053.88
2025-05-30,Unit 2,100.0,2383.3
2025-05-30,Unit 3,84.8,2047.51
2025-05-31,Unit 1,84.53,2044.02
2025-05-31,Unit 2,97.72,2352.42
2025-05-31,Unit 3,73.88,1759.98
2025-06-01,Unit 1,78.66,1890.15
2025-06-01,Unit 2,100.0,2412.3
2025-06-01,Unit 3,95.65,2287.62
2025-06-02,Unit 1,100.0,2411.13
2025-06-02,Unit 2,87.41,2074.72
2025-06-02,Unit 3,79.94,1933.09
2025-06-03,Unit 1,83.63,1988.14
2025-06-03,Unit 2,94.08,2283.4
2025-06-03,Unit 3,100.0,2390.32
2025-06-04,Unit 1,91.01,2160.72
2025-06-04,Unit 2,83.68,2008.3
2025-06-04,Unit 3,81.33,1959.01
2025-06-05,Unit 1,91.11,2164.9
2025-06-05,Unit 2,78.02,1898.15
2025-06-05,Unit 3,80.54,1927.8
2025-06-06,Unit 1,81.24,1886.17
2025-06-06,Unit 2,73.28,1755.26
2025-06-06,Unit 3,73.6,1781.11
2025-06-07,Unit 1,80.6,1949.15
2025-06-07,Unit 2,82.26,1985.39
2025-06-07,Unit 3,91.76,2182.41
2025-06-08,Unit 1,87.92,2092.7
2025-06-08,Unit 2,88.4,2126.57
2025-06-08,Unit 3,94.15,2240.11
2025-06-09,Unit 1,94.39,2271.9
2025-06-09,Unit 2,81.61,1950.52
2025-06-09,Unit 3,84.27,2017.68
2025-06-10,Unit 1,91.82,2216.4
2025-06-10,Unit 2,95.37,2300.89
2025-06-10,Unit 3,92.14,2194.96
2025-06-11,Unit 1,97.12,2338.3
2025-06-11,Unit 2,89.4,2128.45
2025-06-11,Unit 3,87.06,2083.97
2025-06-12,Unit 1,85.42,2089.99
2025-06-12,Unit 2,81.95,1924.78
2025-06-12,Unit 3,90.38,2165.67
2025-06-13,Unit 1,92.29,2212.12
2025-06-13,Unit 2,89.08,2149.29
2025-06-13,Unit 3,75.63,1808.63
2025-06-14,Unit 1,85.56,2053.79
2025-06-14,Unit 2,77.25,1849.75
2025-06-14,Unit 3,94.07,2253.86
2025-06-15,Unit 1,95.94,2292.08
2025-06-15,Unit 2,96.51,2313.97
2025-06-15,Unit 3,76.63,1824.63
2025-06-16,Unit 1,84.77,2051.38
2025-06-16,Unit 2,82.82,2004.77
2025-06-16,Unit 3,82.11,1987.6
2025-06-17,Unit 1,82.58,1997.05
2025-06-17,Unit 2,87.86,2079.02
2025-06-17,Unit 3,78.49,1910.38
2025-06-18,Unit 1,84.12,1985.78
2025-06-18,Unit 2,87.3,2098.04
2025-06-18,Unit 3,95.06,2268.91
2025-06-19,Unit 1,94.14,2248.89
2025-06-19,Unit 2,89.26,2142.66
2025-06-19,Unit 3,86.68,2060.49
2025-06-20,Unit 1,95.33,2284.14
2025-06-20,Unit 2,81.39,1943.73
2025-06-20,Unit 3,70.0,1721.24
2025-06-21,Unit 1,85.89,2037.35
2025-06-21,Unit 2,94.8,2294.4
2025-06-21,Unit 3,91.44,2211.3
2025-06-22,Unit 1,83.31,2011.45
2025-06-22,Unit 2,93.48,2277.01
2025-06-22,Unit 3,84.63,2048.97
2025-06-23,Unit 1,100.0,2432.67
2025-06-23,Unit 2,88.81,2094.9
2025-06-23,Unit 3,83.7,1993.99
2025-06-24,Unit 1,100.0,2407.33
2025-06-24,Unit 2,81.02,1940.81
2025-06-24,Unit 3,90.39,2148.95
2025-06-25,Unit 1,93.48,2237.43
2025-06-25,Unit 2,92.09,2209.58
2025-06-25,Unit 3,100.0,2403.95
2025-06-26,Unit 1,88.48,2093.52
2025-06-26,Unit 2,93.45,2257.67
2025-06-26,Unit 3,96.74,2322.19
2025-06-27,Unit 1,90.16,2144.28
2025-06-27,Unit 2,80.86,1918.83
2025-06-27,Unit 3,89.52,2121.73
2025-06-28,Unit 1,78.35,1871.89
2025-06-28,Unit 2,86.68,2057.76
2025-06-28,Unit 3,100.0,2420.15
2025-06-29,Unit 1,92.35,2221.35
2025-06-29,Unit 2,88.53,2124.41
2025-06-29,Unit 3,91.07,2194.33
2025-06-30,Unit 1,72.44,1770.67
2025-06-30,Unit 2,88.18,2113.56
2025-06-30,Unit 3,80.08,1891.95
2025-07-01,Unit 1,88.11,2121.5
2025-07-01,Unit 2,85.14,2058.85
2025-07-01,Unit 3,95.12,2295.13
2025-07-02,Unit 1,93.19,2231.42
2025-07-02,Unit 2,86.18,2045.8
2025-07-02,Unit 3,83.28,2023.15
2025-07-03,Unit 1,89.38,2141.34
2025-07-03,Unit 2,93.95,2255.48
2025-07-03,Unit 3,92.16,2204.2
2025-07-04,Unit 1,95.37,2312.48
2025-07-04,Unit 2,98.38,2334.93
2025-07-04,Unit 3,88.1,2117.12
2025-07-05,Unit 1,98.08,2353.09
2025-07-05,Unit 2,95.55,2307.57
2025-07-05,Unit 3,91.44,2221.39
2025-07-06,Unit 1,88.31,2147.95
2025-07-06,Unit 2,85.65,2048.12
2025-07-06,Unit 3,100.0,2388.96
2025-07-07,Unit 1,85.95,2043.98
2025-07-07,Unit 2,76.29,1812.94
2025-07-07,Unit 3,100.0,2392.17
2025-07-08,Unit 1,80.04,1920.48
2025-07-08,Unit 2,74.76,1799.4
2025-07-08,Unit 3,85.4,2037.31
2025-07-09,Unit 1,100.0,2400.71
2025-07-09,Unit 2,94.44,2249.99
2025-07-09,Unit 3,90.38,2192.52
2025-07-10,Unit 1,96.58,2295.53
2025-07-10,Unit 2,89.82,2154.22
2025-07-10,Unit 3,97.44,2309.3
2025-07-11,Unit 1,74.42,1768.27
2025-07-11,Unit 2,79.37,1900.09
2025-07-11,Unit 3,100.0,2394.47
2025-07-12,Unit 1,90.77,2158.19
2025-07-12,Unit 2,95.71,2292.35
2025-07-12,Unit 3,70.02,1686.67
2025-07-13,Unit 1,91.4,2197.92
2025-07-13,Unit 2,84.86,2050.31
2025-07-13,Unit 3,89.46,2178.32
2025-07-14,Unit 1,99.82,2363.98
2025-07-14,Unit 2,85.19,2067.9
2025-07-14,Unit 3,89.01,2148.41
2025-07-15,Unit 1,92.7,2213.04
2025-07-15,Unit 2,91.92,2215.78
2025-07-15,Unit 3,93.48,2235.63
2025-07-16,Unit 1,84.68,2011.89
2025-07-16,Unit 2,91.1,2225.61
2025-07-16,Unit 3,89.11,2132.9
2025-07-17,Unit 1,78.59,1887.44
2025-07-17,Unit 2,90.88,2172.71
2025-07-17,Unit 3,92.73,2255.52
2025-07-18,Unit 1,75.81,1819.33
2025-07-18,Unit 2,89.13,2117.77
2025-07-18,Unit 3,84.55,1991.71
2025-07-19,Unit 1,100.0,2387.25
2025-07-19,Unit 2,80.58,1939.54
2025-07-19,Unit 3,100.0,2414.4
2025-07-20,Unit 1,79.29,1927.49
2025-07-20,Unit 2,95.8,2297.18
2025-07-20,Unit 3,82.28,2006.58
2025-07-21,Unit 1,95.8,2308.09
2025-07-21,Unit 2,100.0,2387.76
2025-07-21,Unit 3,92.7,2219.53
2025-07-22,Unit 1,100.0,2397.1
2025-07-22,Unit 2,75.63,1783.5
2025-07-22,Unit 3,100.0,2411.65
2025-07-23,Unit 1,100.0,2400.34
2025-07-23,Unit 2,84.2,2003.34
2025-07-23,Unit 3,100.0,2378.72
2025-07-24,Unit 1,89.5,2137.42
2025-07-24,Unit 2,81.8,1953.7
2025-07-24,Unit 3,88.45,2120.36
2025-07-25,Unit 1,88.07,2142.98
2025-07-25,Unit 2,88.23,2088.63
2025-07-25,Unit 3,88.52,2148.7
2025-07-26,Unit 1,83.72,1985.24
2025-07-26,Unit 2,93.31,2249.93
2025-07-26,Unit 3,88.26,2083.4
2025-07-27,Unit 1,78.95,1917.77
2025-07-27,Unit 2,80.24,1906.72
2025-07-27,Unit 3,88.99,2154.81
2025-07-28,Unit 1,97.25,2335.5
2025-07-28,Unit 2,96.74,2336.86
2025-07-28,Unit 3,97.04,2300.3
2025-07-29,Unit 1,97.52,2309.64
2025-07-29,Unit 2,87.24,2080.12
2025-07-29,Unit 3,98.78,2370.75
2025-07-30,Unit 1,74.8,1792.7
2025-07-30,Unit 2,87.82,2127.02
2025-07-30,Unit 3,86.95,2061.5
2025-07-31,Unit 1,92.31,2225.23
2025-07-31,Unit 2,92.36,2192.67
2025-07-31,Unit 3,87.24,2127.74
2025-08-01,Unit 1,79.85,1952.14
2025-08-01,Unit 2,81.69,1986.45
2025-08-01,Unit 3,88.42,2145.45
2025-08-02,Unit 1,100.0,2342.27
2025-08-02,Unit 2,85.75,2037.03
2025-08-02,Unit 3,91.47,2174.61
2025-08-03,Unit 1,98.34,2369.43
2025-08-03,Unit 2,87.08,2079.82
2025-08-03,Unit 3,94.11,2289.71
2025-08-04,Unit 1,91.88,2229.92
2025-08-04,Unit 2,78.47,1862.44
2025-08-04,Unit 3,87.33,2110.08
2025-08-05,Unit 1,87.79,2100.22
2025-08-05,Unit 2,94.78,2251.91
2025-08-05,Unit 3,95.21,2283.42
2025-08-06,Unit 1,86.75,2050.26
2025-08-06,Unit 2,100.0,2425.69
2025-08-06,Unit 3,93.81,2241.75
2025-08-07,Unit 1,100.0,2421.64
2025-08-07,Unit 2,83.61,1980.42
2025-08-07,Unit 3,100.0,2371.88
2025-08-08,Unit 1,92.67,2174.15
2025-08-08,Unit 2,91.18,2174.67
2025-08-08,Unit 3,77.46,1829.1
2025-08-09,Unit 1,87.13,2097.09
2025-08-09,Unit 2,88.54,2112.94
2025-08-09,Unit 3,86.88,2064.59
2025-08-10,Unit 1,91.87,2205.76
2025-08-10,Unit 2,90.82,2198.9
2025-08-10,Unit 3,88.39,2181.09
2025-08-11,Unit 1,83.3,1957.08
2025-08-11,Unit 2,83.06,2004.5
2025-08-11,Unit 3,80.78,1941.0
2025-08-12,Unit 1,81.03,1898.06
2025-08-12,Unit 2,94.7,2248.39
2025-08-12,Unit 3,93.27,2260.45
2025-08-13,Unit 1,89.62,2155.09
2025-08-13,Unit 2,91.85,2187.51
2025-08-13,Unit 3,92.21,2253.83
2025-08-14,Unit 1,100.0,2406.36
2025-08-14,Unit 2,77.07,1806.22
2025-08-14,Unit 3,90.0,2151.35
2025-08-15,Unit 1,100.0,2390.8
2025-08-15,Unit 2,75.29,1824.97
2025-08-15,Unit 3,90.76,2214.27
2025-08-16,Unit 1,85.9,2065.13
2025-08-16,Unit 2,95.08,2272.03
2025-08-16,Unit 3,82.5,1994.65
2025-08-17,Unit 1,87.73,2095.57
2025-08-17,Unit 2,90.42,2171.59
2025-08-17,Unit 3,100.0,2345.48
2025-08-18,Unit 1,86.74,2101.59
2025-08-18,Unit 2,87.26,2079.99
2025-08-18,Unit 3,94.12,2245.91
2025-08-19,Unit 1,90.24,2160.6
2025-08-19,Unit 2,74.57,1801.93
2025-08-19,Unit 3,82.53,2010.26
2025-08-20,Unit 1,98.03,2312.45
2025-08-20,Unit 2,94.61,2297.43
2025-08-20,Unit 3,82.77,1980.09
2025-08-21,Unit 1,86.51,2059.5
2025-08-21,Unit 2,89.41,2142.03
2025-08-21,Unit 3,70.0,1687.91
2025-08-22,Unit 1,96.3,2329.78
2025-08-22,Unit 2,80.49,1971.58
2025-08-22,Unit 3,84.89,2058.65
2025-08-23,Unit 1,85.06,2055.73
2025-08-23,Unit 2,97.96,2347.23
2025-08-23,Unit 3,94.24,2231.56
2025-08-24,Unit 1,85.27,2077.56
2025-08-24,Unit 2,89.54,2147.96
2025-08-24,Unit 3,87.94,2116.2
2025-08-25,Unit 1,89.91,2156.38
2025-08-25,Unit 2,91.96,2198.65
2025-08-25,Unit 3,90.02,2144.16
2025-08-26,Unit 1,91.46,2178.45
2025-08-26,Unit 2,89.34,2159.54
2025-08-26,Unit 3,96.91,2325.47
2025-08-27,Unit 1,82.9,1972.35
2025-08-27,Unit 2,81.48,1941.68
2025-08-27,Unit 3,84.43,2073.01
2025-08-28,Unit 1,84.61,2046.8
2025-08-28,Unit 2,100.0,2381.26
2025-08-28,Unit 3,89.83,2161.43
2025-08-29,Unit 1,94.5,2243.48
2025-08-29,Unit 2,94.25,2271.21
2025-08-29,Unit 3,100.0,2410.8
2025-08-30,Unit 1,85.96,2065.65
2025-08-30,Unit 2,78.78,1908.21
2025-08-30,Unit 3,91.03,2172.82
2025-08-31,Unit 1,94.16,2234.05
2025-08-31,Unit 2,83.07,2003.85
2025-08-31,Unit 3,93.14,2225.93
2025-09-01,Unit 1,100.0,2377.79
2025-09-01,Unit 2,87.12,2103.28
2025-09-01,Unit 3,86.63,2014.75
2025-09-02,Unit 1,90.76,2168.22
2025-09-02,Unit 2,89.49,2114.04
2025-09-02,Unit 3,100.0,2419.94
2025-09-03,Unit 1,81.96,1992.38
2025-09-03,Unit 2,92.27,2237.75
2025-09-03,Unit 3,100.0,2381.53
2025-09-04,Unit 1,81.31,1952.13
2025-09-04,Unit 2,99.51,2401.68
2025-09-04,Unit 3,83.23,2009.63
2025-09-05,Unit 1,80.98,1964.33
2025-09-05,Unit 2,79.99,1920.23
2025-09-05,Unit 3,96.3,2306.31
2025-09-06,Unit 1,97.72,2359.43
2025-09-06,Unit 2,86.46,2075.18
2025-09-06,Unit 3,89.49,2157.48
2025-09-07,Unit 1,90.24,2137.27
2025-09-07,Unit 2,81.11,1941.8
2025-09-07,Unit 3,84.22,2038.21
2025-09-08,Unit 1,94.95,2307.84
2025-09-08,Unit 2,83.91,2007.75
2025-09-08,Unit 3,100.0,2413.35
2025-09-09,Unit 1,82.78,1982.56
2025-09-09,Unit 2,89.88,2145.98
2025-09-09,Unit 3,75.9,1808.81
2025-09-10,Unit 1,72.73,1732.99
2025-09-10,Unit 2,100.0,2404.16
2025-09-10,Unit 3,98.85,2366.46
2025-09-11,Unit 1,87.45,2076.82
2025-09-11,Unit 2,95.29,2268.51
2025-09-11,Unit 3,91.98,2233.01
2025-09-12,Unit 1,92.34,2205.51
2025-09-12,Unit 2,82.0,2011.89
2025-09-12,Unit 3,88.24,2111.42
2025-09-13,Unit 1,70.0,1690.89
2025-09-13,Unit 2,80.76,1952.65
2025-09-13,Unit 3,85.34,2056.23
2025-09-14,Unit 1,94.74,2272.15
2025-09-14,Unit 2,97.28,2334.05
2025-09-14,Unit 3,91.47,2201.25
2025-09-15,Unit 1,87.8,2098.12
2025-09-15,Unit 2,82.75,1988.85
2025-09-15,Unit 3,72.25,1782.41
2025-09-16,Unit 1,90.19,2197.6
2025-09-16,Unit 2,100.0,2414.43
2025-09-16,Unit 3,86.78,2061.55
2025-09-17,Unit 1,89.28,2113.28
2025-09-17,Unit 2,99.46,2403.25
2025-09-17,Unit 3,89.69,2131.41
2025-09-18,Unit 1,89.44,2170.94
2025-09-18,Unit 2,88.95,2113.23
2025-09-18,Unit 3,89.13,2160.41
2025-09-19,Unit 1,77.58,1833.75
2025-09-19,Unit 2,84.97,2025.06
2025-09-19,Unit 3,90.63,2169.41
2025-09-20,Unit 1,100.0,2407.99
2025-09-20,Unit 2,100.0,2408.5
2025-09-20,Unit 3,95.28,2283.85
2025-09-21,Unit 1,88.76,2120.26
2025-09-21,Unit 2,100.0,2408.79
2025-09-21,Unit 3,91.57,2217.05
2025-09-22,Unit 1,93.75,2255.03
2025-09-22,Unit 2,91.84,2177.25
2025-09-22,Unit 3,82.96,2001.28
2025-09-23,Unit 1,87.37,2105.79
2025-09-23,Unit 2,100.0,2424.24
2025-09-23,Unit 3,98.53,2353.54
2025-09-24,Unit 1,95.46,2309.94
2025-09-24,Unit 2,100.0,2401.59
2025-09-24,Unit 3,81.38,1959.94
2025-09-25,Unit 1,100.0,2397.24
2025-09-25,Unit 2,84.41,2055.11
2025-09-25,Unit 3,95.08,2274.78
2025-09-26,Unit 1,86.73,2060.28
2025-09-26,Unit 2,85.85,2094.79
2025-09-26,Unit 3,78.19,1897.64
2025-09-27,Unit 1,96.19,2327.32
2025-09-27,Unit 2,80.26,1902.85
2025-09-27,Unit 3,77.2,1836.2
2025-09-28,Unit 1,86.71,2095.84
2025-09-28,Unit 2,86.57,2093.81
2025-09-28,Unit 3,95.79,2293.73
2025-09-29,Unit 1,89.6,2171.38
2025-09-29,Unit 2,80.02,1896.92
2025-09-29,Unit 3,86.52,2102.0
2025-09-30,Unit 1,100.0,2423.79
2025-09-30,Unit 2,93.96,2222.71
2025-09-30,Unit 3,89.12,2152.93
2025-10-01,Unit 1,84.88,2024.9
2025-10-01,Unit 2,86.8,2046.44
2025-10-01,Unit 3,80.17,1919.89
2025-10-02,Unit 1,87.99,2119.48
2025-10-02,Unit 2,94.14,2244.34
2025-10-02,Unit 3,100.0,2398.1
2025-10-03,Unit 1,99.11,2420.5
2025-10-03,Unit 2,100.0,2385.34
2025-10-03,Unit 3,85.26,2081.73
2025-10-04,Unit 1,79.71,1925.81
2025-10-04,Unit 2,81.29,1986.22
2025-10-04,Unit 3,79.6,1895.06
2025-10-05,Unit 1,90.49,2210.2
2025-10-05,Unit 2,97.54,2344.67
2025-10-05,Unit 3,71.16,1708.3
2025-10-06,Unit 1,81.9,1963.63
2025-10-06,Unit 2,83.01,2008.92
2025-10-06,Unit 3,80.04,1934.59
2025-10-07,Unit 1,86.74,2075.49
2025-10-07,Unit 2,99.17,2374.37
2025-10-07,Unit 3,94.37,2255.53
2025-10-08,Unit 1,81.1,1923.08
2025-10-08,Unit 2,92.02,2169.02
2025-10-08,Unit 3,96.24,2286.31
2025-10-09,Unit 1,79.04,1877.37
2025-10-09,Unit 2,81.55,1974.39
2025-10-09,Unit 3,92.9,2245.23
2025-10-10,Unit 1,91.14,2179.71
2025-10-10,Unit 2,87.95,2101.77
2025-10-10,Unit 3,94.02,2243.99
2025-10-11,Unit 1,97.5,2320.68
2025-10-11,Unit 2,90.23,2159.66
2025-10-11,Unit 3,91.93,2199.15
2025-10-12,Unit 1,94.95,2271.35
2025-10-12,Unit 2,80.5,1943.57
2025-10-12,Unit 3,83.7,2021.83
2025-10-13,Unit 1,95.25,2323.05
2025-10-13,Unit 2,77.26,1880.63
2025-10-13,Unit 3,97.5,2330.21
2025-10-14,Unit 1,100.0,2427.04
2025-10-14,Unit 2,77.64,1842.65
2025-10-14,Unit 3,80.56,1942.82
2025-10-15,Unit 1,84.35,2038.71
2025-10-15,Unit 2,100.0,2384.91
2025-10-15,Unit 3,92.37,2219.53
2025-10-16,Unit 1,75.85,1814.5
2025-10-16,Unit 2,97.85,2340.64
2025-10-16,Unit 3,82.51,1958.8
2025-10-17,Unit 1,91.06,2168.26
2025-10-17,Unit 2,95.57,2326.71
2025-10-17,Unit 3,91.77,2174.92
2025-10-18,Unit 1,94.07,2265.29
2025-10-18,Unit 2,80.29,1924.24
2025-10-18,Unit 3,92.53,2243.27
2025-10-19,Unit 1,84.73,2060.04
2025-10-19,Unit 2,89.21,2157.57
2025-10-19,Unit 3,88.76,2094.04
2025-10-20,Unit 1,98.04,2350.36
2025-10-20,Unit 2,88.75,2132.27
2025-10-20,Unit 3,83.71,2026.06
2025-10-21,Unit 1,91.38,2193.96
2025-10-21,Unit 2,83.64,1950.99
2025-10-21,Unit 3,88.63,2109.34
2025-10-22,Unit 1,80.95,1960.24
2025-10-22,Unit 2,91.27,2189.86
2025-10-22,Unit 3,80.81,1955.66
2025-10-23,Unit 1,95.58,2286.92
2025-10-23,Unit 2,87.27,2114.95
2025-10-23,Unit 3,100.0,2410.8
2025-10-24,Unit 1,97.0,2297.28
2025-10-24,Unit 2,88.99,2093.54
2025-10-24,Unit 3,90.93,2185.32
2025-10-25,Unit 1,93.55,2239.64
2025-10-25,Unit 2,95.62,2287.04
2025-10-25,Unit 3,85.19,2067.91
2025-10-26,Unit 1,89.29,2175.08
2025-10-26,Unit 2,70.1,1673.24
2025-10-26,Unit 3,91.98,2225.21
2025-10-27,Unit 1,82.8,1978.9
2025-10-27,Unit 2,75.86,1820.92
2025-10-27,Unit 3,83.29,1974.78
2025-10-28,Unit 1,84.43,2029.49
2025-10-28,Unit 2,90.46,2148.59
2025-10-28,Unit 3,70.0,1678.14
2025-10-29,Unit 1,86.6,2086.43
2025-10-29,Unit 2,93.43,2250.08
2025-10-29,Unit 3,83.92,1999.92
2025-10-30,Unit 1,92.08,2200.75
2025-10-30,Unit 2,100.0,2393.89
2025-10-30,Unit 3,94.0,2240.22
2025-10-31,Unit 1,88.82,2114.57
2025-10-31,Unit 2,94.74,2261.32
2025-10-31,Unit 3,74.74,1759.99
2025-11-01,Unit 1,81.94,1969.98
2025-11-01,Unit 2,89.77,2157.19
2025-11-01,Unit 3,85.28,2053.36
2025-11-02,Unit 1,88.06,2081.78
2025-11-02,Unit 2,82.91,2004.77
2025-11-02,Unit 3,96.49,2297.99
2025-11-03,Unit 1,83.75,2012.32
2025-11-03,Unit 2,87.12,2080.69
2025-11-03,Unit 3,90.12,2175.29
2025-11-04,Unit 1,96.36,2290.16
2025-11-04,Unit 2,82.6,1991.04
2025-11-04,Unit 3,86.69,2078.88
2025-11-05,Unit 1,89.23,2146.71
2025-11-05,Unit 2,75.13,1793.05
2025-11-05,Unit 3,78.73,1894.98
2025-11-06,Unit 1,87.0,2082.78
2025-11-06,Unit 2,90.38,2162.96
2025-11-06,Unit 3,91.96,2208.46
2025-11-07,Unit 1,93.61,2276.04
2025-11-07,Unit 2,85.48,2043.68
2025-11-07,Unit 3,84.85,2055.78
2025-11-08,Unit 1,84.32,1999.42
2025-11-08,Unit 2,100.0,2434.75
2025-11-08,Unit 3,83.39,2006.07
2025-11-09,Unit 1,85.3,2059.78
2025-11-09,Unit 2,76.27,1822.3
2025-11-09,Unit 3,99.41,2389.57
2025-11-10,Unit 1,79.48,1907.63
2025-11-10,Unit 2,74.33,1795.5
2025-11-10,Unit 3,86.79,2102.34
2025-11-11,Unit 1,88.71,2124.56
2025-11-11,Unit 2,100.0,2449.23
2025-11-11,Unit 3,81.98,1991.9
2025-11-12,Unit 1,100.0,2409.53
2025-11-12,Unit 2,94.59,2268.47
2025-11-12,Unit 3,100.0,2383.53
2025-11-13,Unit 1,98.06,2379.45
2025-11-13,Unit 2,83.31,2006.15
2025-11-13,Unit 3,87.24,2122.43
2025-11-14,Unit 1,76.85,1818.37
2025-11-14,Unit 2,70.0,1665.65
2025-11-14,Unit 3,91.05,2188.29
2025-11-15,Unit 1,79.14,1902.82
2025-11-15,Unit 2,80.38,1921.61
2025-11-15,Unit 3,100.0,2361.38
2025-11-16,Unit 1,81.39,1935.44
2025-11-16,Unit 2,88.72,2158.31
2025-11-16,Unit 3,100.0,2371.89
2025-11-17,Unit 1,79.08,1858.89
2025-11-17,Unit 2,92.15,2267.24
2025-11-17,Unit 3,97.36,2307.51
2025-11-18,Unit 1,87.9,2106.37
2025-11-18,Unit 2,97.62,2341.17
2025-11-18,Unit 3,76.83,1813.29
2025-11-19,Unit 1,100.0,2418.93
2025-11-19,Unit 2,98.49,2392.15
2025-11-19,Unit 3,88.5,2125.99
2025-11-20,Unit 1,88.31,2104.53
2025-11-20,Unit 2,91.83,2188.99
2025-11-20,Unit 3,82.41,1971.93
2025-11-21,Unit 1,84.81,2040.12
2025-11-21,Unit 2,89.43,2180.7
2025-11-21,Unit 3,98.9,2388.64
2025-11-22,Unit 1,76.79,1843.55
2025-11-22,Unit 2,93.93,2227.43
2025-11-22,Unit 3,97.79,2343.96
2025-11-23,Unit 1,100.0,2401.3
2025-11-23,Unit 2,94.03,2246.01
2025-11-23,Unit 3,87.93,2112.72
2025-11-24,Unit 1,98.76,2340.85
2025-11-24,Unit 2,86.91,2138.9
2025-11-24,Unit 3,91.27,2181.39
2025-11-25,Unit 1,76.61,1828.56
2025-11-25,Unit 2,95.1,2265.82
2025-11-25,Unit 3,93.44,2242.89
2025-11-26,Unit 1,84.63,2032.89
2025-11-26,Unit 2,95.59,2262.1
2025-11-26,Unit 3,83.16,1990.27
2025-11-27,Unit 1,95.54,2283.98
2025-11-27,Unit 2,97.87,2344.22
2025-11-27,Unit 3,90.2,2176.32
2025-11-28,Unit 1,79.97,1923.62
2025-11-28,Unit 2,92.48,2227.15
2025-11-28,Unit 3,70.0,1670.59
2025-11-29,Unit 1,100.0,2406.14
2025-11-29,Unit 2,90.08,2148.15
2025-11-29,Unit 3,99.5,2398.41
2025-11-30,Unit 1,97.43,2339.64
2025-11-30,Unit 2,85.57,2016.57
2025-11-30,Unit 3,93.52,2245.83
2025-12-01,Unit 1,89.25,2127.72
2025-12-01,Unit 2,100.0,2424.07
2025-12-01,Unit 3,87.78,2129.31
2025-12-02,Unit 1,89.25,2142.21
2025-12-02,Unit 2,71.15,1739.2
2025-12-02,Unit 3,90.12,2170.54
2025-12-03,Unit 1,95.94,2288.05
2025-12-03,Unit 2,83.97,1989.34
2025-12-03,Unit 3,77.59,1875.36
2025-12-04,Unit 1,95.92,2321.29
2025-12-04,Unit 2,73.54,1770.45
2025-12-04,Unit 3,94.86,2255.11
2025-12-05,Unit 1,100.0,2378.14
2025-12-05,Unit 2,84.06,2030.47
2025-12-05,Unit 3,94.17,2275.59
2025-12-06,Unit 1,89.49,2146.27
2025-12-06,Unit 2,90.02,2164.12
2025-12-06,Unit 3,98.45,2370.76
2025-12-07,Unit 1,96.26,2331.04
2025-12-07,Unit 2,81.53,1962.98
2025-12-07,Unit 3,87.84,2108.38
2025-12-08,Unit 1,89.32,2134.56
2025-12-08,Unit 2,100.0,2381.49
2025-12-08,Unit 3,94.85,2288.16
2025-12-09,Unit 1,98.68,2360.47
2025-12-09,Unit 2,88.84,2106.14
2025-12-09,Unit 3,97.19,2355.22
2025-12-10,Unit 1,90.83,2140.42
2025-12-10,Unit 2,89.34,2140.1
2025-12-10,Unit 3,94.85,2268.5
2025-12-11,Unit 1,89.18,2167.56
2025-12-11,Unit 2,86.16,2100.52
2025-12-11,Unit 3,93.11,2229.25
2025-12-12,Unit 1,93.5,2241.09
2025-12-12,Unit 2,74.35,1779.46
2025-12-12,Unit 3,94.78,2311.59
2025-12-13,Unit 1,100.0,2386.14
2025-12-13,Unit 2,85.01,2043.59
2025-12-13,Unit 3,80.94,1916.07
2025-12-14,Unit 1,92.19,2200.52
2025-12-14,Unit 2,88.24,2122.57
2025-12-14,Unit 3,100.0,2404.9
2025-12-15,Unit 1,91.32,2200.36
2025-12-15,Unit 2,91.77,2214.0
2025-12-15,Unit 3,100.0,2427.59
2025-12-16,Unit 1,90.37,2183.85
2025-12-16,Unit 2,86.52,2046.91
2025-12-16,Unit 3,100.0,2379.99
2025-12-17,Unit 1,86.03,2058.37
2025-12-17,Unit 2,86.94,2087.53
2025-12-17,Unit 3,70.86,1697.7
2025-12-18,Unit 1,100.0,2408.7
2025-12-18,Unit 2,90.96,2178.85
2025-12-18,Unit 3,81.4,1933.85
2025-12-19,Unit 1,86.32,2064.95
2025-12-19,Unit 2,81.08,1940.31
2025-12-19,Unit 3,100.0,2395.3
2025-12-20,Unit 1,88.06,2092.45
2025-12-20,Unit 2,98.93,2371.09
2025-12-20,Unit 3,87.25,2074.02
2025-12-21,Unit 1,83.6,1988.86
2025-12-21,Unit 2,94.2,2272.63
2025-12-21,Unit 3,87.34,2109.33
2025-12-22,Unit 1,89.34,2110.05
2025-12-22,Unit 2,83.6,2005.99
2025-12-22,Unit 3,90.28,2145.06
2025-12-23,Unit 1,91.99,2208.52
2025-12-23,Unit 2,92.74,2237.59
2025-12-23,Unit 3,88.07,2132.51
2025-12-24,Unit 1,83.92,2023.29
2025-12-24,Unit 2,78.76,1874.43
2025-12-24,Unit 3,100.0,2403.32
2025-12-25,Unit 1,79.86,1912.6
2025-12-25,Unit 2,86.77,2112.61
2025-12-25,Unit 3,100.0,2377.3
2025-12-26,Unit 1,95.73,2322.2
2025-12-26,Unit 2,93.0,2214.79
2025-12-26,Unit 3,84.52,2009.95
2025-12-27,Unit 1,83.28,1985.27
2025-12-27,Unit 2,87.62,2111.86
2025-12-27,Unit 3,85.58,2032.68
2025-12-28,Unit 1,91.5,2192.11
2025-12-28,Unit 2,95.36,2280.42
2025-12-28,Unit 3,96.75,2303.13
2025-12-29,Unit 1,92.52,2232.96
2025-12-29,Unit 2,80.18,1932.44
2025-12-29,Unit 3,100.0,2377.25
2025-12-30,Unit 1,92.64,2234.46
2025-12-30,Unit 2,86.62,2073.55
2025-12-30,Unit 3,100.0,2380.67
2025-12-31,Unit 1,88.72,2123.59
2025-12-31,Unit 2,97.25,2305.08
2025-12-31,Unit 3,97.96,2349.51
